-- phpMyAdmin SQL Dump
-- version 5.2.1
-- https://www.phpmyadmin.net/
--
-- Host: localhost
-- Generation Time: Sep 11, 2023 at 09:57 PM
-- Server version: 10.4.28-MariaDB
-- PHP Version: 8.2.4

SET SQL_MODE = "NO_AUTO_VALUE_ON_ZERO";
START TRANSACTION;
SET time_zone = "+00:00";


/*!40101 SET @OLD_CHARACTER_SET_CLIENT=@@CHARACTER_SET_CLIENT */;
/*!40101 SET @OLD_CHARACTER_SET_RESULTS=@@CHARACTER_SET_RESULTS */;
/*!40101 SET @OLD_COLLATION_CONNECTION=@@COLLATION_CONNECTION */;
/*!40101 SET NAMES utf8mb4 */;

--
-- Database: `fpitable`
--

-- --------------------------------------------------------

--
-- Table structure for table `admin`
--

CREATE TABLE `admin` (
  `id` int(11) NOT NULL,
  `user_id` varchar(200) NOT NULL,
  `name` varchar(100) NOT NULL,
  `email` varchar(200) NOT NULL,
  `password` varchar(200) NOT NULL
) ENGINE=InnoDB DEFAULT CHARSET=utf8mb4 COLLATE=utf8mb4_general_ci;

--
-- Dumping data for table `admin`
--

INSERT INTO `admin` (`id`, `user_id`, `name`, `email`, `password`) VALUES
(1, '9ca01beb5133840ae19f8438d3a87bcc', '', 'dadaadeife@gmail.com', '$2y$10$seI/y8cDRSNP9au.bUQ7jOZ28FLdA2CTWBS8UirTmhlMcomqh0i66');

-- --------------------------------------------------------

--
-- Table structure for table `Classrooms`
--

CREATE TABLE `Classrooms` (
  `classroom_id` int(11) NOT NULL,
  `classroom_name` varchar(255) DEFAULT NULL
) ENGINE=InnoDB DEFAULT CHARSET=utf8mb4 COLLATE=utf8mb4_general_ci;

--
-- Dumping data for table `Classrooms`
--

INSERT INTO `Classrooms` (`classroom_id`, `classroom_name`) VALUES
(1, 'AE-1'),
(2, 'AE-2'),
(3, 'AE-3'),
(4, 'AE-4'),
(5, 'AE-5'),
(6, 'AE-6'),
(7, 'AF-1'),
(8, 'AF-2'),
(9, 'AF-3'),
(10, 'AF-4'),
(11, 'AF-5'),
(12, 'AF-6'),
(13, 'AG-1'),
(14, 'AG-2'),
(15, 'AG-3'),
(16, 'AG-4'),
(17, 'AG-5'),
(18, 'BA-1'),
(19, 'BA-2'),
(20, 'BA-3'),
(21, 'BA-4'),
(22, 'BA-5'),
(23, 'BA-6'),
(24, 'BB-1'),
(25, 'BB-2'),
(26, 'BB-3'),
(27, 'BB-4'),
(28, 'BB-5'),
(29, 'BB-6'),
(30, 'BC-1'),
(31, 'BC-2'),
(32, 'BC-3'),
(33, 'BC-4'),
(34, 'BC-5'),
(35, 'BC-6'),
(36, 'BD-1'),
(37, 'BD-2'),
(38, 'BD-3'),
(39, 'BD-4'),
(40, 'BD-5'),
(41, 'BD-6'),
(42, 'BE-1'),
(43, 'BE-2'),
(44, 'BE-3'),
(45, 'BE-4'),
(46, 'BE-5'),
(47, 'BE-6'),
(48, 'BF-1'),
(49, 'BF-2'),
(50, 'BF-3'),
(51, 'BF-4'),
(52, 'BF-5'),
(53, 'BF-6');

-- --------------------------------------------------------

--
-- Table structure for table `Courses`
--

CREATE TABLE `Courses` (
  `course_id` int(11) NOT NULL,
  `course_code` varchar(11) NOT NULL,
  `course_name` varchar(255) DEFAULT NULL,
  `department_id` int(11) NOT NULL,
  `level_id` int(11) DEFAULT NULL,
  `semester_id` int(11) DEFAULT NULL,
  `lecturer_id` int(11) DEFAULT NULL
) ENGINE=InnoDB DEFAULT CHARSET=utf8mb4 COLLATE=utf8mb4_general_ci;

--
-- Dumping data for table `Courses`
--

INSERT INTO `Courses` (`course_id`, `course_code`, `course_name`, `department_id`, `level_id`, `semester_id`, `lecturer_id`) VALUES
(9, 'GNS 101', 'USE OF ENGLISH I', 1, 1, 1, 68),
(10, 'MTH 111', 'LOGIC & LINEAR ALGEBRA I', 1, 1, 1, 54),
(11, 'GNS 111', 'CITIZENSHIP EDUCATION I', 1, 1, 1, 27),
(12, 'MEC 101', 'TECHNICAL DRAWING I', 1, 1, 1, 13),
(13, 'MEC 113', 'BASIC WORKSHOP TECHNOLOGY & PRACTICE', 1, 1, 1, 67),
(14, 'EEC 115', 'ELECTRICAL ENGINEERING SCIENCE I', 1, 1, 1, 61),
(15, 'EED 126', 'INTRODUCTION TO ENTREPRENEURSHIP', 1, 1, 1, 58),
(16, 'CTE 111', 'INTRODUCTION TO COMPUTER & INFO TECHNOLOGY', 1, 1, 1, 4),
(18, 'GNS 106', 'INTRODUCTION TO PHYSCHOMETRIC STUDIES', 1, 1, 1, 0),
(19, 'CTE 112', 'ELCTRICAL WORKSHOP PRACTICE  & TECHNOLOGY', 1, 1, 1, 136),
(20, 'GEM 101', 'GENERAL MATHEMATICS', 1, 1, 1, 109),
(21, 'ESR 101', 'EMBEDDED SYSTEMS & ROBOTICS', 1, 1, 1, 0),
(22, 'ESR 101', 'EMBEDDED SYSTEMS & ROBOTICS', 1, 1, 1, 0),
(23, 'CTE 113', 'COMPUTER APPLICATION PACKAGES', 1, 1, 1, 91),
(24, 'GNS 102', 'COMMUNICATION IN ENGLISH I', 1, 1, 2, 42),
(25, 'EEC 124', 'ELECTRONICS I', 1, 1, 2, 76),
(26, 'EEC 125', 'ELCTRICAL ENGINEERING SCIENCE II', 1, 1, 2, 61),
(27, 'MTH 113', 'ALGEBRA & ELEMENTARY TRIGONOMETRY', 1, 1, 2, 48),
(28, 'CTE 121', 'DIGITAL COMPUTER  FUNDAMENTALS I', 1, 1, 2, 4),
(29, 'CTE 122', 'ELECTRICAL MEASUREMENT & INSTRUMENTATION ', 1, 1, 2, 41),
(30, 'CTE 124', 'TECHNICAL REPORT WRITING', 1, 1, 2, 58),
(31, 'CTE 125', 'INTERNET & WEB TECHNOLOGY', 1, 1, 2, 120),
(32, 'MEC 123', 'MACHINE TOOLS TECHNOLOGY & PRACTICE', 1, 1, 2, 66),
(33, 'CTE 123', 'COMPUTER/ELECTRONIC MAINTENANCE & REPAIR', 1, 1, 2, 4),
(34, 'GNS 131', 'CITIZENSHIP EDUCATION', 1, 1, 2, 141),
(35, 'GNS 101', 'USE OF ENGLISH I', 3, 3, 1, 68),
(36, 'MTH 111', 'LOGIC & LINEAR ALGEBRA I', 3, 3, 1, 98),
(37, 'GNS 111', 'CITIZENSHIP EDUCATION I', 3, 3, 1, 141),
(38, 'MEC 101', 'TECHNICAL DRAWING  I', 3, 3, 1, 13),
(39, 'MEC 113', 'BASIC WORKSHOP TECHNOLOGY & PRACTICE  I', 3, 3, 1, 124),
(40, 'EEC 115', 'ELECTRICAL ENGINEERING SCIENCE  I', 3, 3, 1, 39),
(41, 'EED 126', 'INTRODUCTION TO ENTREPRENEURSHIP', 3, 3, 1, 58),
(42, 'ESR 101', 'EMBEDDED SYSTEMS & ROBOTICS', 3, 3, 1, 0),
(43, 'GEM 101', 'GENERAL MATHEMATICS', 3, 3, 1, 106),
(44, 'CTE 112', 'ELECTRICAL WORKSHOP PRACTICE & TECHNOLOGY', 3, 3, 1, 136),
(45, 'GNS 106', 'INTRODUCTION TO PSYCHOMETRIC STUDIES', 3, 3, 1, 0),
(46, 'CTE 111', 'INTRODUCTION TO COMPUTER & IT', 3, 3, 1, 4),
(47, 'CTE 113', 'COMPUTER APPLICATION PACKAGES', 3, 3, 1, 91),
(48, 'CTE 115', 'DATA STRUCTURES', 3, 3, 1, 109),
(49, 'EEC 124', 'ELECTRONICS I', 3, 3, 2, 76),
(50, 'GNS 102', 'COMMUNICATION IN ENGLISH', 3, 3, 2, 42),
(51, 'EEC 125', 'ELECTRICAL ENGINEERING SCIENCE II', 3, 3, 2, 39),
(52, 'MTH 113', 'ALGEBRA & ELEMENTARY TRIGONOMETRY', 3, 3, 2, 23),
(53, 'EEC 127', 'ELECTRICAL WORKSHOP PRACTICE & TECHNOLOGY  II', 3, 3, 2, 136),
(54, 'GNS 131', 'CITIZENSHIP EDUCATION II', 3, 3, 2, 2),
(55, 'MEC 123', 'MACHINE TOOLS TECHNOLOGY & PRACTICE', 3, 3, 2, 66),
(56, 'CTE 122', 'ELECTRICAL MEASUREMENT & INSTRUMENTATION', 3, 3, 2, 41),
(57, 'CTE 123', 'COMPUTER/ ELECTRONICS MAINTENANCE & REPAIR', 3, 3, 2, 4),
(58, 'CTE 124', 'TECHNICAL REPORT WRITING', 3, 3, 2, 58),
(59, 'CTE 125', 'INTERNET & WEB TECHNOLOGY', 3, 3, 2, 120),
(61, 'CTE 121', 'DIGITAL COMPUTER FUNDAMENTALS ', 3, 3, 2, 40),
(62, 'MTH 114', 'CALCULUS', 2, 2, 1, 130),
(63, 'EEC 234', 'ELECTRONICS', 2, 2, 1, 76),
(64, 'EEC 239', 'ELECTRIC CIRCUIT THEORY I', 2, 2, 1, 92),
(65, 'GNS 201', 'USE OF ENGLISH', 2, 2, 1, 55),
(66, 'CTE 231', 'MICRO COMPUTER FUNDAMENTALS II', 2, 2, 1, 58),
(67, 'CTE 232', 'COMPUTER WORKSHOP PRACTICE I', 2, 2, 1, 106),
(68, 'ESR 201', 'EMBEDDED SYSTEM & ROBOTICS II', 2, 2, 1, 0),
(69, 'CTE 233', 'DIGITAL COMPUTER FUNDAMENTALS II', 2, 2, 1, 4),
(70, 'CTE 234', 'COMPUTER ARCHITECTURE I', 2, 2, 1, 103),
(71, 'CTE 235', 'ELECTRICAL MEASUREMENT & INSTRUMENTATION II', 2, 2, 1, 103),
(72, 'CTE 236', 'INTRODUCTION TO VISUAL BASIC PROGRAMMING ', 2, 2, 1, 5),
(73, 'GNS 206', 'INTRODUCTION TO PSYCHOMETRIC STUDIES', 2, 2, 1, 0),
(74, 'GNS 202', 'COMMUNICATION IN ENGLISH I', 2, 2, 2, 68),
(75, 'MTH 122', 'TRIGONOMETRY & ANALYTICAL GEOMETRY', 2, 2, 2, 64),
(76, 'EEC 229', 'ELECTRIC CIRCUIT THEORY II', 2, 2, 2, 92),
(78, 'EED 216', 'PRACTICE OF ENTREPRENEURSHIP', 2, 2, 2, 35),
(79, 'CTE 221', 'INTRO TO MICROPROCESSOR & ASSEMBLY LANGUAGE', 2, 2, 2, 109),
(80, 'CTE 224', 'COMPUTER POWER SYSTEM/ INTRODUCTION TO CONTROL', 2, 2, 2, 109),
(81, 'CTE 225', 'TELECOMMUNICATION ENGINEERING I', 2, 2, 2, 136),
(82, 'CTE 222', 'COMPUTER WORKSHOP PRACTICE II', 2, 2, 2, 106),
(83, 'CTE 223', 'OPERATING SYSTEM', 2, 2, 2, 103),
(84, 'MTH 114', 'CALCULUS', 4, 4, 1, 48),
(85, 'CTE 211', 'MICRO COMPUTER FUNDAMENTALS', 4, 4, 1, 58),
(86, 'GNS 201', 'USE OF ENGLISH II', 4, 4, 1, 55),
(87, 'ESR 201', 'EMBEDEDDED SYSTEM & ROBOTICS II', 4, 4, 1, 0),
(88, 'CTE 213', 'DIGITAL COMPUTER FUNDAMENTALS II', 4, 4, 1, 40),
(89, 'EEC 214', 'ELECTRONICS II', 4, 4, 1, 61),
(90, 'EEC 219', 'ELECTRICAL CIRCUIT THEORY I', 4, 4, 1, 92),
(91, 'CTE 212', 'ELECTRICAL WORKSHOP PRACTICE I', 4, 4, 1, 106),
(92, 'CTE 214', 'COMPUTER ARCHITECTURE I', 4, 4, 1, 35),
(93, 'CTE 215', 'ELECTRICAL MEASUREMENT & INSTRUMENTATION ', 4, 4, 1, 103),
(94, 'GNS 202', 'COMMUNICATION IN ENGLISH II', 4, 4, 2, 119),
(95, 'MTH 122', 'TRIGONOMETRY & ANALYTICAL GEOMETRY', 4, 4, 2, 48),
(96, 'EED 216', 'ENTREPRENEURSHIP DEVELOPMENT', 4, 4, 2, 35),
(97, 'EEC 229', 'ELECTRICAL CIRCUIT THEORY II', 4, 4, 2, 92),
(99, 'CTE 221', 'INTRO TO MICROPROCESSOR & ASSEMBLY LANGUAGE', 4, 4, 2, 109),
(100, 'CTE 225', 'TELECOMMUNICATION ENGINEERING I', 4, 4, 2, 136),
(101, 'CTE 224', 'COMP POWER SYSTEM/ INTROSUCTION TO COMPUTER', 4, 4, 2, 58),
(102, 'CTE 227', 'COMPUTER NETWORK ', 4, 4, 2, 5),
(103, 'CTE 228', 'INTRODUCTION TO RESEARCH METHODOLOGY', 4, 4, 2, 120),
(104, 'CTE 223', 'OPERATING SYSTEM ', 4, 4, 2, 103),
(105, 'CTE 222', 'COMPUTER WORKSHOP PRACTICE II', 4, 4, 2, 106),
(106, 'CTE 236', 'INTRODUCTION TO VISUAL BASIC ', 4, 4, 2, 5),
(107, 'GNS 311', 'ENGINEERING IN SOCIETY', 5, 5, 1, 35),
(108, 'MTH311', 'ADVANCED ALGEBRA', 5, 5, 1, 64),
(109, 'EEC 323', 'ELECTRIC CIRCUIT THEORY II', 5, 5, 1, 96),
(110, 'CTE 312', 'ELCTRICAL MEASUREMENT & INSTRUMENTATION II', 5, 5, 1, 103),
(111, 'CTE 323', 'COMPUTER PROGRAMMING IN C& C++', 5, 5, 1, 120),
(112, 'EEC 315', 'ELECTRONICS II', 5, 5, 1, 92),
(113, 'CTE 315', 'ELECTRONICS DESIGN & PROTOTYPING ', 5, 5, 1, 103),
(114, 'CTE 316', 'COMPUTER SYSTEM INSTALLATION & MAINTENANCE ', 5, 5, 1, 120),
(115, 'CTE 317', 'TELECOMMUNICATION ENGINEERING II ', 5, 5, 1, 136),
(116, 'EED 126', 'INTRODUCTION TO ENTREPRENEURSHIP ', 5, 5, 1, 0),
(118, 'CTE 314', 'OPERATING SYSTEM II', 5, 5, 1, 103),
(123, 'GNS 302', 'COMMUNICATION IN ENGLISH III', 5, 5, 2, 2),
(125, 'MTH 312', 'ADVANCED CALCULUS ', 5, 5, 2, 33),
(126, 'CTE 324', 'FIBER OPTIC FUNDAMENTALS', 5, 5, 2, 106),
(128, 'EEC 328', 'TESTING METHOD & RELIABILITY', 5, 5, 2, 22),
(129, 'CTE 321', 'COMPUTER HARDWARE SYSTEM DESIGN ', 5, 5, 2, 5),
(130, 'CTE 322', 'MOBILE & WIRELESS COMMUNICATION  ', 5, 5, 2, 91),
(131, 'EEC 326', 'CONTROL ENGINEERING 1', 5, 5, 2, 90),
(132, 'CTE 323', 'PYTHON PROGRAMMING', 5, 5, 2, 106),
(133, 'EEC 324', 'ELECTRONICS II', 5, 5, 2, 92),
(142, 'ABE 101', 'INTRODUCTION TO AGRIC AND BIO-ENVIRONMENTAL ENGINEERING', 7, 1, 1, 101),
(143, 'ESR 101', 'EMBEDDED SYSTEMS & ROBOTICS I', 7, 1, 1, 0),
(144, 'AGT 111', 'PRINCIPLES OF CROP PRODUCTION', 7, 1, 1, 100),
(145, 'MTH 321	', 'NUMERICAL METHODS IN ENGINEERING', 6, 6, 1, 33),
(146, 'GNS 417', 'FRENCH FOR TECHNICAL PURPOSE I', 6, 6, 1, 122),
(147, 'GNS 401', 'COMMUNICATION IN ENGLISH IV', 6, 6, 1, 55),
(148, 'EEC 413', 'CONTROL ENGINEERING II', 6, 6, 1, 22),
(150, 'CTE 411	', 'COMPUTER TECHNOLOGY', 6, 6, 1, 109),
(152, 'CTE 412', 'DATA COMMUNICATION & COMPUTER NETWORK', 6, 6, 1, 106),
(153, 'CTE 413', 'COMPUTER ARCHITECTURE II', 6, 6, 1, 41),
(154, 'CTE 414', 'MICROPROCESSOR & EMBEDDED SYSTEM', 6, 6, 1, 106),
(155, 'CTE 415', 'COMPUTER GRAPHICS & ANIMATION', 6, 6, 1, 91),
(156, 'CTE 416', 'SOFTWARE ENGINEERING', 6, 6, 1, 109),
(157, 'EED 413', 'ENTREPRENEURSHIP DEVELOPMENT', 6, 6, 2, 58),
(158, 'EED 413', 'ENTREPRENEURSHIP DEVELOPMENT', 6, 6, 2, 58),
(159, 'GNS 428', 'FRENCH FOR TECHNICAL PURPOSE II', 6, 6, 2, 122),
(160, 'STA 429', 'STATISTICAL METHODS IN ENGINEERING', 6, 6, 2, 93),
(161, 'CTE 421', 'MICROPROCESSOR IN CONTROL & INSTRUMENTATION', 6, 6, 2, 106),
(162, 'CTE 422', 'ARTIFICIAL INTELLIGENCE', 6, 6, 2, 103),
(163, 'CTE 423', 'PROJECT MANAGEMENT', 6, 6, 2, 40),
(164, 'CTE 424', 'INTRODUCTION TO DIGITAL SIGNAL PROCESSING', 6, 6, 2, 120),
(165, 'CTE 426', 'RESEARCH METHODOLOGY', 6, 6, 2, 35),
(166, 'GNS 101', 'USE OF ENGLISH', 31, 1, 1, 68),
(167, 'GNS 111', 'CITIZENSHIP EDUCATION I', 31, 1, 1, 62),
(168, 'MTH 111', 'LOGIC & LINEAR ALGEBRA', 31, 1, 1, 48),
(169, 'EED 126', 'INTRODUCTION TO ENTREPRENEURSHIP', 31, 1, 1, 0),
(170, 'WEC 110', 'MATERIAL SCIENCE', 31, 1, 1, 113),
(171, 'WEC 112', 'WELDING TECHNOLOGY I', 31, 1, 1, 118),
(172, 'ICT 101', 'INTRODUCTION TO COMPUTING', 31, 1, 1, 89),
(173, 'MEC 113	', 'BASIC WORKSHOP PRACTICE', 31, 1, 1, 32),
(174, 'MEC 101', 'TECHNICAL DRAWING(GEOMETRY CONSTR)', 31, 1, 1, 57),
(175, 'EEC 113	', 'INTRODUCTION TO ELECTRICAL MACHINES AND INSTALLATION', 31, 1, 1, 78),
(176, 'GEM 101	', 'GENERAL ENGINEERING MATHEMATICS', 31, 1, 1, 137),
(177, 'MEC 112	', 'ENGINEERING MECHANICS(STATICS)', 31, 1, 1, 28),
(187, 'WEC 120	', 'MATERIAL SCIENCE II', 31, 1, 2, 113),
(188, 'WEC 121', 'WELDING METAULLURGY I', 31, 1, 2, 31),
(189, 'WEC 122', 'METAULLOGRAPHIC', 31, 1, 2, 31),
(190, 'WEC 123', 'FABRICATION PROCESS', 31, 1, 2, 118),
(191, 'WEC 124', 'WELDING TECHNOLOGY', 31, 1, 2, 118),
(192, 'WEC 111', 'FABRICATION TECHNOLOGY', 31, 1, 2, 118),
(193, 'STA 111	', 'INTRODUCTION TO STATISTICS', 31, 1, 2, 12),
(194, 'ICT 201	', 'COMPUTER AIDED DESIGN AND DRAFTING', 31, 1, 2, 95),
(195, 'MTH 113	', 'ALGEBRA & ELEMENTARY TRIGONOMETRY', 31, 1, 2, 48),
(196, 'WEC 102	', 'INNOVATION AND ACQUISITION OF OF TECHNOLOGY', 31, 1, 2, 80),
(197, 'MEC 124	', 'ENGINEERING MECHANICS (DYNAMICS)', 31, 1, 2, 124),
(198, 'MEC 121	', 'TECHNICAL DRAWING (DESCRIPTIVE GEO)', 31, 1, 2, 57),
(199, 'MEC 218	', 'TECHNICAL REPORT WRITING', 32, 2, 1, 118),
(200, 'GNS 201	', 'USE OF ENGLISH', 32, 2, 1, 107),
(201, 'MTH 114	', 'CALCULUS', 32, 2, 1, 33),
(202, 'MEC 211	', 'ENGINEERING DRAWING I', 32, 2, 1, 57),
(203, 'MEC 212	', 'ENGINEERING MEASUREMENT', 32, 2, 1, 3),
(204, 'MEC 210	', 'WELDING METAULLURGY II', 32, 2, 1, 113),
(205, 'MEC 214	', 'FLUID MECHANICS', 32, 2, 1, 127),
(206, 'MEC 203	', 'UNDER WATER WELDING', 32, 2, 1, 31),
(208, 'MEC 215	', 'FOUNDRY TECH. & PRACTISE', 32, 2, 1, 137),
(209, 'MTH 112	', 'TRIGONOMETRY & ANALYTICAL GEOMETRY ENGINEERING', 32, 2, 2, 33),
(210, 'WEC 220	', 'WELDING TECHNOLOGY IV', 32, 2, 2, 118),
(211, 'WEC 222	', 'BASIC ELEMENT WELD & FABRICATION DESI', 32, 2, 2, 118),
(212, 'MEC 223	', 'ENGINEERING DRAWING II', 32, 2, 2, 57),
(213, 'WEC 223	', 'TESTING & EVALUATIONS OF WELDS', 32, 2, 2, 118),
(214, 'WEC 224	', 'INTRODUCTION TO PLASTIC WELDING', 32, 2, 2, 31),
(215, 'EED 216	', 'INTRODUCTION TO ENTREPRENEURSHIP', 32, 2, 2, 0),
(216, 'WEC 226	', 'HEALTH, SAFETY & ENVIRONMENT', 32, 2, 2, 113),
(217, 'BAM 228	', 'SUPERVISORY MANAGEMENT', 32, 2, 2, 47),
(218, 'GNS 101		', 'USE OF ENGLISH I', 11, 1, 1, 17),
(219, 'GNS 111		', 'CITIZENSHIP EDUCATION I', 11, 1, 1, 16),
(220, 'MTH 111		', 'LOGIC AND LINEAR ALGEBRA I', 11, 1, 1, 48),
(222, 'MEC 101	', 'TECHNICAL DRAWING I', 11, 1, 1, 13),
(223, 'EEC 115	', 'ELECTRICAL ENGINEERING SCIENCE I', 11, 1, 1, 26),
(224, 'ICT 101		', 'INTRODUCTION TO COMPUTING', 11, 1, 1, 3),
(225, 'EED 126			', 'INTRODUCTION TO ENTREPRENEURSHIP', 11, 1, 1, 97),
(226, 'MEC 212				', 'ENGINEERING MEASUREMENT', 11, 1, 1, 3),
(227, 'GEM 101				', 'GENERAL ENGINEERING MATHEMATICS	', 11, 1, 1, 1),
(228, 'MEC 113				', 'MECHANICAL WORKSHOP TECHNOLOGY & PRACTICE	', 11, 1, 1, 28),
(229, 'MEC 112				', 'ENGINEERING MECHANICS I (STATICS)	', 11, 1, 1, 28),
(230, 'MTH 113			', 'ALGEBRA AND ELEMENTARY TRIGONOMETRY', 11, 1, 2, 48),
(231, 'COM 113			', 'INTRODUCTION TO COMPUTER PROGRAMMING', 11, 1, 2, 131),
(232, 'MCE 115			', 'SPARK IGNITION ENGINE', 11, 1, 2, 28),
(233, 'MEC 102			', 'TECHNICAL DRAWING II (DESCRIPTIVE GEOMETRY)', 11, 1, 2, 57),
(234, 'MEC 224		', 'PROPERTIES OF MATERIALS', 11, 1, 2, 71),
(235, 'MCE 104		', 'ELECTRONIC DEVICES AND CIRCUITS I', 11, 1, 2, 1),
(236, 'MCE 106		', 'COOLING AND LUBRICATION SYSTEMS', 11, 1, 2, 28),
(237, 'MCE 108		', 'FUNDAMENTALS OF AUTO ELECTRIC SYSTEMS', 11, 1, 2, 28),
(238, 'MCE 110			', 'FUNDAMENTAL OF MECHATRONICS I', 11, 1, 2, 97),
(239, 'STA 111			', 'INTRODUCTION TO STATISTICS', 11, 1, 2, 12),
(240, 'MCE 299				', 'INDUSTRIAL WORK EXPERIENCE (IN PLANT TRAINING)', 12, 2, 1, 97),
(241, 'MTH 112				', 'TRIGONOMETRY AND ANALYTICAL GEOMETRY	', 12, 2, 2, 64),
(242, 'MCE 202 			', 'ELECTRONIC DEVICES AND CIRCUITS II', 12, 2, 2, 97),
(243, 'MCE 204				', 'AUTOMATIVE ELECTRONICS', 12, 2, 2, 28),
(244, 'MCE 206				', 'ENGINE MAINTENANCE AND DIAGONISTIC MANAGEMENT', 12, 2, 2, 28),
(245, 'MCE 208				', 'CONTROL SYSTEM I', 12, 2, 2, 97),
(246, 'MCE 210				', 'FUNDAMENTAL OF MECHATRONICS', 12, 2, 2, 97),
(247, 'MCE 212			', 'CHASIS SYSTEM', 12, 2, 2, 28),
(248, 'MCE 216				', 'COMPRESSION IGNITION ENGINE', 12, 2, 2, 51),
(249, 'EED 216				', 'PRACTICE OF ENTREPRENEURSHIP', 12, 2, 2, 97),
(250, 'ABE 101				', 'INTRODUCTION TO AGRIC AND BIO-ENVIRONMENTAL ENGINEERING', 7, 1, 1, 101),
(251, 'AGT 111				', 'PRINCIPLES OF CROP PRODUCTION', 7, 1, 1, 100),
(252, 'MEC 101				', 'TECHNICAL DRAWING I (GEOMETRY CONSTRUCTION)', 7, 1, 1, 87),
(253, 'EEC 115				', 'ELECTRICAL ENGINEERING SCIENCE I', 7, 1, 1, 49),
(254, 'ABE 112				', 'TRACTOR OPERATION AND MAINTENANCE', 7, 1, 1, 56),
(255, 'GNS 111				', 'CITIZENSHIP EDUCATION I', 7, 1, 1, 86),
(256, 'GNS 101				', 'USE OF ENGLISH I', 7, 1, 1, 27),
(257, 'ICT 101				', 'INTRODUCTION TO COMPUTING', 7, 1, 1, 131),
(258, 'MTH 111			', 'LOGIC AND LINEAR ALGEBRA', 7, 1, 1, 130),
(259, 'EED 126			', 'INTRODUCTION TO ENTREPRENEURSHIP', 7, 1, 1, 75),
(260, 'AGT 113			', 'INTRODUCTION TO SOIL SCIENCE', 7, 1, 1, 100),
(261, 'GEM 101			', 'GENERAL ENGINEERING MATHEMATICS', 7, 1, 1, 15),
(262, 'ABE 121				', 'CONSTRUCTION AND MAINTENANCE OF PROCE & STORAGE FACILITIES', 7, 1, 2, 87),
(263, 'ABE 122			', 'FARM MACHINERY AND MECHANISATION', 7, 1, 2, 15),
(264, 'ABE 102			', 'REPAIR AND MAINTENANCE OF FARM IMPLEMENTS', 7, 1, 2, 36),
(265, 'ABE 125		', 'INTRODUCTION TO LIVESTOCK MECHANISATION', 7, 1, 2, 56),
(266, 'MTH 113		', 'ALGEBRA & ELEMENTARY TRIGONOMETRY', 7, 1, 2, 48),
(267, 'GNS 102	', 'COMMUNICATION IN ENGLISH II', 7, 1, 2, 29),
(268, 'ICT 201	', 'CAD/DRAFTING', 7, 1, 2, 72),
(269, 'MEC 102	', 'TECHNICAL DRAWING II (DESCRIPTIVE GEOMETRY)', 7, 1, 2, 87),
(270, 'MEC 122	', 'THERMODYNAMICS', 7, 1, 2, 3),
(271, 'STA 111	', 'INTRODUCTION TO STATISTICS', 7, 1, 2, 12),
(272, 'MTH 112		', 'TRIGONOMETRIC AND ANALYTICAL GEOMETRY', 7, 1, 2, 48),
(275, 'MEC 214		', 'FLUID MECHANICS', 8, 2, 1, 38),
(277, 'ABE 203		', 'AGRIC MATERIALS HANDLING TECHNOLOGY', 8, 2, 1, 15),
(278, 'ABE 211			', 'FARM ELECTRIFICATION', 8, 2, 1, 101),
(279, 'MEC 213			', 'THERMODYNAMICS II	', 8, 2, 1, 3),
(281, 'MTH 114		', 'CALCULUS	', 8, 2, 1, 48),
(282, 'ABE 222	', 'FARM MACHINERY & MECHANIZATION II', 8, 2, 1, 101),
(283, 'ABE 227	', 'TECHNICAL REPORT WRITING', 8, 2, 1, 15),
(284, 'MEC 211	', 'ENGINEERING DRAWING', 8, 2, 1, 87),
(286, 'GNS 201	', 'USE OF ENGLISH', 8, 2, 1, 68),
(287, 'ABE 230	', 'FARM MACHINERY MANAGEMENT', 8, 2, 2, 56),
(288, 'ABE 224	', 'CONSTRUCTION AND MAINTENANCE OF FARM STRUCTURES', 8, 2, 2, 15),
(289, 'ABE 225	', 'POST HARVEST TECHNOLOGIES AND STORAGE', 8, 2, 2, 101),
(290, 'MEC 222', 'STRENGTH OF MATERIALS', 8, 2, 2, 67),
(291, 'MEC 224	', 'PROPERTIES OF MATERIALS', 8, 2, 2, 124),
(292, 'MEC 223	', 'ENGINEERING DRAWING II', 8, 2, 2, 87),
(293, 'MTH 112', 'TRIGONOMETRY & ANALYTICAL GEOMETRY', 8, 2, 2, 33),
(294, 'EED 216	', 'PRACTICE OF ENTREPRENEURSHIP', 8, 2, 2, 75),
(295, 'AGT 230		', 'AGRIC EXTENSION', 8, 2, 2, 74),
(296, 'IAE 112	', 'RURAL SOCIOLOGY & AGRICULTURAL EXTENSION', 8, 2, 2, 88),
(297, 'ABE 316	', 'THEORY  OF STRUCTURES', 9, 5, 1, 87),
(298, 'ABE 311	', 'LAND CLEARING & DEVELOPMENT', 9, 5, 1, 36),
(299, 'MEP 322	', 'SAFETY', 9, 5, 1, 56),
(300, 'ABP 311	', 'AGRICULTURAL MACHINE DRAWING ', 9, 5, 1, 72),
(301, 'ABP 312	', 'HEAT ENGINES ', 9, 5, 1, 101),
(302, 'MEC 315	', 'MECHANICS OF MACHINES', 9, 5, 1, 15),
(303, 'MTH 311	', 'ADVANCED ALGEBRA', 9, 5, 1, 64),
(304, 'ABE 313	', 'LAND LAW', 9, 5, 2, 135),
(305, 'ABE 314	', 'INSTRUMENTATION', 9, 5, 2, 56),
(306, 'ABE 315		', 'RURAL ELECTRIFICATION', 9, 5, 2, 101),
(307, 'ABP 321		', 'FARM TRACTOR SYSTEMS OPERATIONS & MAINTENANCE', 9, 5, 2, 24),
(308, 'ABP 321		', 'FARM TRACTOR SYSTEMS OPERATIONS & MAINTENANCE', 9, 5, 2, 24),
(309, 'ABP 322		', 'TILLAGE AND PLANTING MACHINERY	', 9, 5, 2, 24),
(310, 'ABP 323	', 'PROPERTIES OF BIOLOGICAL MATERIALS', 9, 5, 2, 36),
(311, 'ABP 325	', 'ENGINEERING COMPUTER APPLICATIONS II', 9, 5, 2, 101),
(312, 'ABE 317	', 'TECHNICAL REPORT WRITING II', 9, 5, 2, 15),
(313, 'MTH 312	', 'ADVANCED CALCULUS', 9, 5, 2, 23),
(314, 'MTH 312	', 'ADVANCED CALCULUS', 9, 5, 2, 23),
(315, 'ABE 318	', 'PRINCIPLES OF SURVEYING AND FARM BUILDINGS', 9, 5, 2, 87),
(316, 'GNS 413	', 'INDUSTRIAL MANAGEMENT', 9, 5, 2, 31),
(317, 'CEC 212	', 'SOIL MECHANICS', 9, 5, 2, 82),
(318, 'CPT 313	', 'AGRO CLIMATOLOGY', 10, 6, 1, 88),
(319, 'ABP 431	', 'CROP PROTECTION AND HARVESTING MACHINERY', 10, 6, 1, 36),
(320, 'APT 311	', 'LIVESTOCK FARM MECHANIZATION', 10, 6, 1, 56),
(321, 'ABP 432	', 'FARM WORKSHOP ORGANISATION AND MANAGEMENT', 10, 6, 1, 24),
(323, 'ABP  434	', 'FARM MACHINERY DESIGN AND CONSTRUCTION', 10, 6, 1, 72),
(324, 'ABP 435	', 'FARM WASTE MANAGEMENT', 10, 6, 1, 36),
(325, 'MTH 321	', 'NUMERICAL METHOD', 10, 6, 1, 33),
(326, 'GNS 417', 'FRENCH FOR TECHNICAL PURPOSES I', 10, 6, 1, 62),
(327, 'ABE 437	', 'RESEARCH METHODOLOGY', 10, 6, 1, 24),
(328, 'ABP 433	', 'CROP PROCESSING AND HANDLING MACHINERY', 10, 6, 1, 72),
(329, 'TPM 218	', 'PRINCIPLES & TECHNIQUES OF VEHICLE DRIVING', 10, 6, 1, 126),
(330, 'AGR 402	', 'AGRICULTURAL PERSONNEL MANAGEMENT', 10, 6, 2, 56),
(331, 'ABP 441	', 'TRACTOR AND THEIR POWER UNITS', 10, 6, 2, 72),
(332, 'ABP 442	', 'FARM POWER AND MACHINERY MANAGEMENT', 10, 6, 2, 24),
(333, 'ABP 443	', 'CROP DRYING AND STORAGE', 10, 6, 2, 15),
(334, 'ABP 446	', 'AGRICULTURAL ENGINEERING IN DEVELOPMENT', 10, 6, 2, 72),
(335, 'STA 429	', 'STATISTICAL METHOD IN ENGINEERING', 10, 6, 2, 93),
(336, 'EED 413	', 'ENTREPRENEURSHIP DEVELOPMENT ', 10, 6, 2, 75),
(341, 'GNS 428	', 'FRENCH FOR TECHNICAL PURPOSES II	', 10, 6, 2, 62),
(342, 'SUG 101	', 'BASIC PRINCIPLES IN SURVEYING I', 25, 1, 1, 85),
(343, 'CEC 103	', 'WORKSHOP TECHNOLOGY I', 25, 1, 1, 140),
(344, 'CEC 105	', 'CIVIL ENGINEERING CONSTRUCTION I', 25, 1, 1, 44),
(345, 'MTH 111	', 'LOGI AND LINEAR ALGEBRA I', 25, 1, 1, 130),
(346, 'CEC 107	', 'INTRODUCTION TO FLUID MECHANICS', 25, 1, 1, 6),
(347, 'EED 126	', 'INTRODUCTION TO ENTREPRENEURSHIP', 25, 1, 1, 128),
(348, 'GNS 101	', 'USE OF ENGLISH I', 25, 1, 1, 42),
(349, 'GNS 111	', 'CITIZENSHIP EDUCATION I', 25, 1, 1, 82),
(350, 'GNS 221	', 'PHYSICAL & HEALTH EDUCATION I	', 25, 1, 1, 121),
(351, 'ICT 101	', 'INTRODUCTION TO COMPUTING', 25, 1, 1, 50),
(353, 'GEM 101	', 'GENERAL ENGINEERING MATHEMATICS ', 25, 1, 1, 110),
(354, 'MEC 101	', 'TECHNICAL DRAWING I	', 25, 1, 1, 134),
(355, 'SUG 102	', 'BASIC PRINCIPLES IN SURVEYING II', 25, 1, 2, 85),
(356, 'ICT 102	', 'INTRODUCTION TO PROGRAMMING USING Q-BASIC', 25, 1, 2, 45),
(357, 'CEC 102	', 'INTRODUCTION TO HYDROLOGY ', 25, 1, 2, 116),
(358, 'CEC 108	', 'ENGR. GEOLOGY AND BASIC SOIL MECHANICS', 25, 1, 2, 115),
(360, 'CEC 110	', 'CIVIL ENGINEERING CONSTRUCTION', 25, 1, 2, 44),
(361, 'CEC  104	', 'SCIENCE AND PROPERTIES OF MATERIALS	', 25, 1, 2, 110),
(363, 'STA 111	', 'INTRODUCTION TO STATISTICS	', 25, 1, 2, 12),
(364, 'MTH 113	', 'ALGEBRA  AND ELEMENTARY TRIGONOMETRY	', 25, 1, 2, 54),
(365, 'ICT 201	', 'COMPUTER AIDED DESIGN & DRAFTING I	', 25, 1, 2, 114),
(367, 'MEC 102	', 'TECHNICAL DRAWING II(DESCRIPTIVE GEOMETRY)	', 25, 1, 2, 134),
(368, 'SUG 101	', 'BASIC PRINCIPLES IN SURVEYING I', 27, 3, 1, 85),
(369, 'GNS 221	', 'PHYSICAL & HEALTH EDUCATION I', 27, 3, 1, 121),
(371, 'CEC 101	', 'STRUCTURAL MECHANICS', 27, 3, 1, 83),
(372, 'CEC 105	', 'CIVIL ENGINEERING CONSTRUCTION I', 27, 3, 1, 44),
(374, 'MTH 111	', 'LOGI AND LINEAR ALGEBRA I', 27, 3, 1, 129),
(375, 'GNS 101	', 'USE OF ENGLISH I', 27, 3, 1, 2),
(376, 'EED 126	', 'INTRODUCTION TO ENTREPRENEURSHIP', 27, 3, 1, 128),
(377, 'GNS 111		', 'CITIZENSHIP EDUCATION I', 27, 3, 1, 43),
(378, 'MEC 101	', 'TECHNICAL DRAWING I	', 27, 3, 1, 134),
(380, 'ICT 101	', 'INTRODUCTION TO COMPUTING', 27, 3, 1, 45),
(381, 'GEM 101	', 'GENERAL ENGINEERING MATHEMATICS', 27, 3, 1, 85),
(382, 'SUG 102		', 'BASIC PRINCIPLES IN SURVEYING II', 27, 3, 2, 85),
(384, 'CEC 104	', 'SCIENCE AND PROPERTIES OF MATERIALS', 27, 3, 2, 85),
(385, 'CEC 106	', 'STRENGTH OF MATERIALS', 27, 3, 2, 83),
(387, 'CEC 108	', 'ENGR. GEOLOGY AND BASIC SOIL MECHANICS', 27, 3, 2, 110),
(388, 'STA 111	', 'INTRODUCTION TO STATISTICS', 27, 3, 2, 12),
(390, 'MTH 113		', 'ALGEBRA  AND ELEMENTARY TRIGONOMETRY', 27, 3, 2, 116),
(391, 'ICT 201	', 'COMPUTER AIDED DESIGN & DRAFTING II	', 27, 3, 2, 114),
(392, 'CEC 110	', 'CIVIL ENGINEERING CONSTRUCTION II ', 27, 3, 2, 44),
(393, 'ICT 102		', 'INTRODUCTION TO PROGRAMMING USING Q-BASIC', 27, 3, 2, 50),
(394, 'CEC 102	', 'INTRODUCTION TO HYDROLOGY 	', 27, 3, 2, 73),
(395, 'MEC 102	', 'TECHNICAL DRAWING II(DESCRIPTIVE GEOMETRY)', 27, 3, 2, 134),
(396, 'SUG 208	', 'ENGINEERING SURVEY', 26, 2, 1, 9),
(397, 'CEC 201	', 'HYDRAULICS AND HYDROLOGY', 26, 2, 1, 128),
(398, 'CEC 203	', 'WORKSHOP TECHNOLOGY II', 26, 2, 1, 140),
(399, 'CEC 205	', 'THEORY OF STRUCTURES I', 26, 2, 1, 6),
(400, 'CEC 207	', 'HYDROGEOLOGY', 26, 2, 1, 116),
(401, 'CEC 209	', 'CIVIL ENGINEERING DRAWING I', 26, 2, 1, 134),
(402, 'CEC 211	', 'CIVIL ENGINEERING CONSTRUCTION III', 26, 2, 1, 82),
(403, 'CEC 216	', 'TECHNICAL REPORT WRITING', 26, 2, 1, 105),
(404, 'MTH 114	CAL', 'CALCULUS', 26, 2, 1, 48),
(405, 'GNS 201	', 'USE OF ENGLISH II', 26, 2, 1, 2),
(406, 'CEC 202	', 'WATER SUPPLY AND SANITARY ENGINEERING', 26, 2, 2, 11),
(407, 'CEC 204	', 'INTRODUCTION TO HIGHWAY ENGINEERING', 26, 2, 2, 44),
(408, 'CEC 208	', 'SOIL SCIENCE AND IRRIGATION ENGINEERING', 26, 2, 2, 116),
(409, 'CEC 210	', 'CIVIL ENGINEERING DRAWING II', 26, 2, 2, 134),
(410, 'MTH 112	', 'TRIGONOMETRY & ANALYTICAL ', 26, 2, 2, 48),
(412, 'CEC 214	', 'ENGINEERING MEASUREMENT & EVALUATION', 26, 2, 2, 79),
(413, 'GIT 201	', 'ELEMENTS OF GEOINFORMATICS', 26, 2, 2, 20),
(414, 'EED 216	', 'PRACTICE OF ENTREPRENEURSHIP', 26, 2, 2, 128),
(415, 'CEC 242	', 'CONSTRUCTION MANAGEMANT', 26, 2, 2, 14),
(416, 'CEC 212	', 'SOIL MECHANICS', 26, 2, 2, 82),
(417, 'SUG 208	', 'ENGINEERING SURVEY I', 28, 4, 1, 9),
(418, 'CEC 201	', 'HYDRAULICS AND HYDROLOGY', 28, 4, 1, 104),
(419, 'CEC 203	', 'WORKSHOP TECHNOLOGY II', 28, 4, 1, 140),
(420, 'CEC 205	', 'THEORY OF STRUCTURES I', 28, 4, 1, 6),
(421, 'CEC 207	', 'HYDROGEOLOGY', 28, 4, 1, 116),
(422, 'CEC 209	', 'CIVIL ENGINEERING DRAWING I', 28, 4, 1, 82),
(423, 'CEC 211	', 'CIVIL ENGINEERING CONSTRUCTION III', 28, 4, 1, 82),
(424, 'CEC 216	', 'TECHNICAL REPORT WRITING', 28, 4, 1, 105),
(425, 'MTH 114	', 'CALCULUS', 28, 4, 1, 130),
(426, 'GNS 201	', 'USE OF ENGLISH II	', 28, 4, 1, 130),
(427, 'CEC 202	', 'WATER SUPPLY AND SANITARY ENGINEERING', 28, 4, 2, 103),
(428, 'CEC 208	', 'SOIL SCIENCE AND IRRIGATION ENGINEERING', 28, 4, 2, 11),
(429, 'CEC 210	', 'CIVIL ENGINEERING DRAWING II', 28, 4, 2, 134),
(430, 'MTH 112	', 'TRIGONOMETRY & ANALYTICAL GEOMETRY ENGINEERING', 28, 4, 2, 130),
(431, 'CEC 214	', 'MEASUREMENT & EVALUATION', 28, 4, 2, 37),
(432, 'GIT 201	', 'ELEMENT OF GEOINFORMATICS ', 28, 4, 2, 20),
(433, 'EED 216	', 'PRACTICE OF ENTREPRENEURSHIP', 28, 4, 2, 128),
(434, 'CEC 242	', 'CONSTRUCTION MANAGEMENT', 28, 4, 2, 14),
(435, 'CEC 212	', 'SOIL MECHANICS', 28, 4, 2, 82),
(436, 'CEC 204	', 'INTRODUCTION TO HIGHWAY ENGINEERING', 28, 4, 2, 104),
(438, 'SUG 306	', 'ENGINEERING SURVEY II', 29, 5, 1, 85),
(439, 'CEC 301	', 'HYDRAULICS', 29, 5, 1, 6),
(440, 'CEC 303	', 'CONCRETE TECHNOLOGY', 29, 5, 1, 125),
(441, 'CEC 305	', 'THEORY OF STRUCTURES II', 29, 5, 1, 11),
(442, 'CEC 307	', 'SOIL MECHANICS II', 29, 5, 1, 82),
(443, 'CEC 309	', 'CONSTRUCTION TECHNOLOGY', 29, 5, 1, 73),
(444, 'CEC 311', 'CIVIL ENGINEERING QUANTITIES AND SPECS', 29, 5, 1, 105),
(445, 'MTH 311	', 'ADVANCED ALGEBRA', 29, 5, 1, 64),
(447, 'SEC 311	', 'ENGINEER IN SOCIETY', 29, 5, 1, 61),
(448, 'CEC 302	', 'HYDROLOGY & HYDROGEOLOGY', 29, 5, 2, 105),
(449, 'CEC 304		', 'WATER AND WASTE WATER ENGINEERING', 29, 5, 2, 128),
(450, 'CEC 306	', 'DESIGN OF STRUCTURAL ELEMENTS', 29, 5, 2, 11),
(451, 'CEC 308	', 'FOUNDATION ENGINEERING ', 29, 5, 2, 82),
(452, 'CEC 310	', 'ADVANCED CONSTRUCTION TECHNOLOGY', 29, 5, 2, 125),
(453, 'MTH 312	', 'ADVANCED CALCULUS', 29, 5, 2, 33),
(455, 'CEC 314	', 'TRANSPORTATION ENGINEERING', 29, 5, 2, 104),
(456, 'CEC 312	', 'COMPUTER AIDED DESIGN & DRAFTING II', 29, 5, 2, 6),
(459, 'SEC 321	', 'INDUSTRIAL MANAGEMENT', 29, 5, 2, 31),
(460, 'CEC 401	', 'PROJECT & METHODOLOGY', 30, 6, 1, 134),
(461, 'MTH 321	', 'NUMERICAL METHOD IN ENGINEERING', 30, 6, 1, 33),
(462, 'CEC 405	', 'ADV. REINF AND PRE-STRESSED CONCRETE DESIGN', 30, 6, 1, 116),
(463, 'CEC 407	', 'FOUNDATION DESIGN', 30, 6, 1, 105),
(464, 'CEC 409	', 'DESIGN IN STRUCTURAL STEEL & TIMBER', 30, 6, 1, 105),
(465, 'CEC 411	', 'TRAFFIC ENGINEERING', 30, 6, 1, 116),
(466, 'CEC 413	', 'HIGHWAY ENGINEERING', 30, 6, 1, 104),
(467, 'GIT  203	', 'DATABASE CREATION & USAGE IN GEO INFORM', 30, 6, 1, 133),
(468, 'CEC 417	', 'ENVIRONMENTAL ENGR. AND POLLUTION CONTROL', 30, 6, 1, 25),
(469, 'GNS 417	', 'FRENCH FOR TECHNICAL PURPOSE I', 30, 6, 1, 123),
(470, 'CEC 421	', 'HYDRAULIC STRUCTURES', 30, 6, 1, 134),
(471, 'CEC 428	', 'ENGINEERING MANAGEMENT', 30, 6, 2, 125),
(472, 'CEC 412	', 'ALTERNATIVE TRANSPORTATION SYSTEM ', 30, 6, 2, 6),
(473, 'CEC 414	', 'INFRASTRUCTURE/ PLANNING & MANAGEMENT', 30, 6, 2, 134),
(474, 'CEC 424	', 'IRRIGATION & DRAINAGE', 30, 6, 2, 105),
(475, 'CEC 426	', 'WATER & WASTE WATER ENGINEERING', 30, 6, 2, 25),
(476, 'STA 429	', 'STATISTICAL METHOD IN ENGINEERING', 30, 6, 2, 93),
(477, 'EED 413	', 'ENTREPRENEURSHIP DEVELOPMENT II', 30, 6, 2, 104),
(478, 'CEC 406	', 'MATRIX & ENERGY METHOD IN STRUCTURES(ELECTRIC)', 30, 6, 2, 104),
(479, 'CEC 418	', 'BRIDGE ANALYSIS & DESIGN	', 30, 6, 2, 11),
(480, 'GNS 428	', 'FRENCH FOR TECHNICAL PURPOSE II', 30, 6, 2, 141),
(481, 'CEC 101	', 'STRUCTURAL MECHANICS', 25, 1, 1, 25),
(483, 'CEC 106	', 'STRENGTH OF MATERIALS', 25, 1, 2, 25),
(484, 'CEC 206	', 'INTRODUCTION TO STRUCTURAL DESIGN AND DETAILING', 26, 2, 2, 140),
(485, 'CEC 206	', 'INTRODUCTION TO STRUCTURAL DESIGN AND DETAILING', 28, 4, 2, 25),
(486, 'CEC 315	', 'COMPUTER AIDED DESIGN & DRAFTING I', 29, 5, 1, 104),
(487, 'EEC 111	', 'ELECTRICAL GRAPHICS', 13, 1, 1, 111),
(488, 'MTH 111	', 'LOGIC & LINEAR ALGEBRA', 13, 1, 1, 54),
(489, 'EED 126	', 'INTRODUCTION TO ENTREPRENEURSHIP', 13, 1, 1, 81),
(490, 'MEC 101	', 'TECHNICAL DRAWING (GEOMETRICAL CONSTRUCTION)', 13, 1, 1, 57),
(491, 'GNS 101	', 'USE OF ENGLISH', 13, 1, 1, 107),
(494, 'ICT 101	', 'INTRODUCTION TO COMPUTING', 13, 1, 1, 50),
(495, 'EEC 115	', 'ELECTRICAL ENGINEERING SCIENCE', 13, 1, 1, 49),
(496, 'GNS 111	', 'CITIZENSHIP EDUCATION', 13, 1, 1, 65),
(497, 'CTE 115	', 'COMPUTER HARDWARE I', 13, 1, 1, 41),
(498, 'MEC 113	', 'BASIC WORKSHOP & TECHNOLOGY PRACTICE', 13, 1, 1, 19),
(499, 'GEM 101	', 'ENGINEERING MATHEMATICS', 13, 1, 1, 77),
(500, 'GNS 102	', 'COMMUNICATION IN ENGLISH ', 13, 1, 2, 142),
(501, 'EEC 128	', 'TELECOMMUNICATIONS ENGINEERING I', 13, 1, 2, 78),
(502, 'EEC 122	', 'ELECTRICAL POWER I', 13, 1, 2, 111),
(503, 'EEC 123	', 'ELECTRICAL MACHINES I', 13, 1, 2, 81),
(504, 'EEC 124	', 'ELECTRONICS I', 13, 1, 2, 76),
(505, 'EEC 125	', 'ELECTRICAL ENGINEERING SCIENCE II', 13, 1, 2, 49),
(506, 'EEC 129	', 'ELECTRICAL INSTALLATION OF BUILDING ', 13, 1, 2, 78),
(507, 'EEC 126	ELA', 'ELECTRICAL & ELECTRONIC INSTRUMENT I', 13, 1, 2, 143),
(509, 'EEC 125	', 'ELECTRICAL ENGINEERING SCIENCE II', 13, 1, 1, 49),
(511, 'MTH 113	', 'ALGEBRA AND ELEMENTARY TRIGONOMETRY', 13, 1, 2, 117),
(512, 'ICT 201	', 'COMPUTER AIDED DESIGN AND DRAFTING', 13, 1, 2, 78),
(513, 'MEC 123	', 'MACHINE TOOLS TECHNOLOGY & PRACTICE', 13, 1, 2, 94),
(514, 'MEC 123	', 'MACHINE TOOLS TECHNOLOGY & PRACTICE', 13, 1, 2, 94),
(515, 'MTH 111	', 'LOGIC & LINEAR ALGEBRA', 15, 3, 1, 54),
(516, 'EED 126	', 'INTRODUCTION TO ENTREPRENEURSHIP', 15, 3, 1, 49),
(517, 'MEC 101	', 'TECHNICAL DRAWING (GEOMETRICAL CONSTRUCTION)', 15, 3, 1, 57),
(518, 'GNS 101	', 'USE OF ENGLISH', 15, 3, 1, 42),
(519, 'GNS 101	', 'USE OF ENGLISH', 15, 3, 1, 42),
(520, 'ICT 101	', 'INTRODUCTION TO COMPUTING', 15, 3, 1, 34),
(521, 'GEM 101	', 'GENERAL ENGINEERING MATHEMATICS', 15, 3, 1, 77),
(522, 'EEC 115	', 'ELECTRICAL ENGINEERING SCIENCE I', 15, 3, 1, 76),
(523, 'GNS 111	', 'CITIZENSHIP EDUCATION', 15, 3, 1, 132),
(524, 'CTE 115	', 'COMPUTER HARDWARE I', 15, 3, 1, 40),
(525, 'EEC 111	', 'ELECTRICAL GRAPHICS', 15, 3, 1, 111),
(526, 'MEC 113	', 'BASIC WORKSHOP & TECHNOLOGY PRACTICE', 15, 3, 1, 66),
(527, 'GNS 102	', 'COMMUNICATION IN ENGLISH ', 15, 3, 2, 119),
(528, 'EEC 128	', 'TELECOMMUNICATIONS ENGINEERING I', 15, 3, 2, 76),
(529, 'EEC 124	', 'ELECTRONICS I', 15, 3, 2, 76),
(530, 'EEC 125	', 'ELECTRICAL ENGINEERING SCIENCE II', 15, 3, 2, 39),
(531, 'EEC 129	', 'ELECTRICAL INSTALLATION OF BUILDING ', 15, 3, 2, 78),
(532, 'EEC 126	', 'ELECTRICAL & ELECTRONIC INSTRUMENT I', 15, 3, 2, 143),
(533, 'MTH 113	', 'ALGEBRA AND ELEMENTARY TRIGONOMETRY', 15, 3, 2, 117),
(534, 'ICT 201	', 'COMPUTER AIDED DESIGN AND DRAFTING', 15, 3, 2, 91),
(535, 'MEC 123	', 'MACHINE TOOLS TECHNOLOGY & PRACTICE', 15, 3, 2, 111),
(536, 'EEC 122	', 'ELECTRICAL POWER I', 15, 3, 2, 112),
(537, 'EEC 123	', 'ELECTRICAL MACHINES I', 15, 3, 2, 39),
(538, 'MTH 114	', 'CALCULUS', 14, 2, 1, 48),
(539, 'EEC 114	', 'TECHNICAL REPORT WRITING', 14, 2, 1, 111),
(540, 'EEC 212	', 'ELECTRICAL POWER II', 14, 2, 1, 96),
(541, 'EEC 213	', 'ELECTRICAL MACHINES II', 14, 2, 1, 77),
(542, 'EEC 214	', 'ELECTRONICS II', 14, 2, 1, 76),
(543, 'EEC 216	', 'ELECTRICAL & ELCTRONIC INSTRUMENT II', 14, 2, 1, 143),
(544, 'EEC 218	', 'TELECOMMUNICATIONS II', 14, 2, 1, 26),
(545, 'EEC 219	', 'ELECTRIC CIRCUIT THEORY I', 14, 2, 1, 96),
(546, 'EEC 211	', 'INTRODUCTION TO RENEWABLE ENERGY', 14, 2, 1, 81),
(547, 'GNS 202	', 'COMMUNICATION IN ENGLISH II', 14, 2, 2, 55),
(548, 'EED 216	', 'PRACTICE OF ENTREPRENEURSHIP', 14, 2, 2, 49),
(549, 'CTE 227	', 'COMPUTER HARDWARE II', 14, 2, 2, 40),
(550, 'MTH 112	', 'TRIGONOMETRY AND ANALYTICAL GEOMETRY  ', 14, 2, 2, 64),
(551, 'EEC 224	', 'ELECTRONICS III', 14, 2, 2, 60),
(552, 'EEC 222	', 'ELECTRICAL POWER II', 14, 2, 2, 77),
(553, 'EEC 229', 'ELECTRIC CIRCUIT THEORY II	', 14, 2, 2, 96),
(554, 'MTH 114	', 'CALCULUS', 16, 4, 1, 12),
(555, 'EEC 212	', 'ELECTRICAL POWER II', 16, 4, 1, 96),
(556, 'EEC 201	', 'INTRODUCTION TO RENEWABLE ENERGY', 16, 4, 1, 81),
(557, 'EEC 213	', 'ELECTRICAL MACHINES II', 16, 4, 1, 39),
(558, 'EEC 214	', 'ELECTRONICS II', 16, 4, 1, 76),
(559, 'EEC 216	', 'ELECTRICAL & ELECTRONICS INSTRUMENT II	', 16, 4, 1, 143),
(560, 'EEC 218	', 'TELECOMMUNICATION ENGINEERING II', 16, 4, 1, 26),
(561, 'EEC 219	', 'ELECTRICAL CIRCUIT THEORY I', 16, 4, 1, 115),
(562, 'EEC 215	', 'TECHNICAL REPORT WRITING', 16, 4, 1, 111),
(563, 'GNS 202	', 'COMMUNICATION IN ENGLISH II', 16, 4, 2, 65),
(564, 'EED 216	', 'PRACTICE OF ENTREPRENEURSHIP', 16, 4, 2, 49),
(565, 'MTH 112	', 'TRIGONOMETRY AND ANALYTICAL GEOMETRY', 16, 4, 2, 64),
(566, 'EEC 224	', 'ELECTRONICS III', 16, 4, 2, 92),
(567, 'EEC 229	', 'ELECTRICAL CIRCUIT THEORY II', 16, 4, 2, 115),
(568, 'CTE 227	', 'COMPUTER HARDWARE', 16, 4, 2, 40),
(569, 'EEC 242	', 'ELECTRICAL POWER III', 16, 4, 2, 39),
(570, 'MTH 311	', 'ADVANCED ALGEBRA', 17, 5, 1, 64),
(571, 'EEC 315	', 'ELECTRICAL MATERIAL SCIENCE', 17, 5, 1, 76),
(572, 'EEI311	', 'ELECTRICAL MEASUREMENT & CONTROL III', 17, 5, 1, 18),
(573, 'EEC 313	', 'ELECTRIC CIRCUIT THEORY III', 17, 5, 1, 96),
(574, 'ICT 303	', 'COMPUTER PACKAGES ', 17, 5, 1, 139),
(575, 'EEE314	', 'ANALOGUE ELECTRONICS III', 17, 5, 1, 57),
(576, 'EEC 316	', 'CONTROL ENGINEERING I', 17, 5, 1, 90),
(577, 'EED 326	', 'ENTREPRENEURSHIP DEVELOPMENT I', 17, 5, 1, 90),
(578, 'EEC 312	', 'INTRODUCTION TO APPLICATION OF RENEWABLE ENERGY ', 17, 5, 1, 77),
(579, 'SEC 311	', 'ENGINEER IN SOCIETY', 17, 5, 1, 92),
(580, 'MTH 312	', 'ADVANCED CALCULUS', 17, 5, 2, 59),
(581, 'EEC 324	 ', 'TESTING METHOD AND RELIABILITY', 17, 5, 2, 22),
(582, 'EEC 325	 ', 'ELECTRIC CIRCUIT THEORY IV	', 17, 5, 2, 115),
(583, 'EEE 329	', 'ELECTRICAL POWER SYSTEM III 	 ', 17, 5, 2, 96),
(584, 'EEP 328	', 'ELECTRICAL DESIGN AND DRAFTING I', 17, 5, 2, 111),
(585, 'EEE 325	', 'DIGITAL COMMUNICATION I', 17, 5, 2, 30),
(586, 'EEP 327', 'ELECTRICAL MACHINE III', 17, 5, 2, 61),
(587, 'ICT 321	', 'DATA COMMUNICATION & NETWORKING ', 17, 5, 2, 30),
(588, 'SEC 321	', 'INDUSTRIAL MANAGEMENT', 17, 5, 2, 31),
(589, 'GNS101	', 'USE OF ENGLISH I', 19, 1, 1, 55),
(590, 'GNS111	', 'CITIZENSHIP EDUCATION I', 19, 1, 1, 27),
(591, 'MTH111	', 'LOGIC AND LINEAR ALGEBRA', 19, 1, 1, 54),
(592, 'MEC 112	', 'ENGINEERING MECHANICS(STATICS)', 19, 1, 1, 54),
(593, 'MEC 112	', 'ENGINEERING MECHANICS(STATICS)', 19, 1, 1, 124),
(594, 'MEC113	', 'BASIC WORKSHP TECHNOLOGY & PRACTICE', 19, 1, 1, 63),
(595, 'ICT 101	', 'INTRODUCTION TO COMPUTING', 19, 1, 1, 50),
(596, 'ICT 101	', 'INTRODUCTION TO COMPUTING', 19, 1, 1, 50),
(597, 'GEM 101', 'GENERAL ENGINEERING MATHEMATICS', 19, 1, 1, 3),
(598, 'EEC115	', 'ELECTRICAL ENGINEERING SCIENCE I', 19, 1, 1, 102),
(599, 'MEC101	', 'TECHNICAL DRAWING', 19, 1, 1, 57),
(600, 'STA111	', 'INTRODCTION TO STATISTICS', 19, 1, 2, 98),
(601, 'MEC 123	', 'MACHINE TOOLS TECHNOLOGY & PRACTICE', 19, 1, 2, 63),
(602, 'MTH 113	', 'ALGEBRA AND ELEMENTARY TRIGONOMETRY', 19, 1, 2, 54),
(603, 'ICT201	', 'COMPUTER AIDED DESIGN & DRAFTNG I', 19, 1, 2, 13),
(604, 'MEC 121	', 'ENGINEERING GRAPHICS', 19, 1, 2, 57),
(605, 'MEC126	', 'WELDING TECHNOLOGY & PRATICE', 19, 1, 2, 8),
(606, 'MEC 127	', 'INTRODICTION TO PLUMBING TECHNOLOGY PRACTICE', 19, 1, 2, 67),
(607, 'MEC122	', 'THERMODYNAMICS I', 19, 1, 2, 127),
(608, 'MEC124	', 'ENGINEERING MECHNICS (DYNAMICS)', 19, 1, 2, 124),
(609, 'MEC 125	', 'AUTOMOTIVE', 19, 1, 2, 51),
(610, 'GEM 101	', 'GENERAL ENGINEERING MATHEMATICS ', 21, 3, 1, 3),
(611, 'GNS 101	USE', 'USE OF ENGLISH I ', 21, 3, 1, 53),
(612, 'GNS 101	', 'USE OF ENGLISH I ', 21, 3, 1, 53),
(613, 'GNS 111	', 'CITIZENSHIP EDUCATION I	', 21, 3, 1, 29),
(614, 'ICT 101	', 'INTRODUCTION TO COMPUTING	', 21, 3, 1, 50),
(615, 'MEC 101	', 'TECHNICAL DRAWING (GEOMETRICAL CONSTRUCTION)', 21, 3, 1, 57),
(616, 'MEC 112	', 'ENGINEERING MECHANICS(STATICS)', 21, 3, 1, 124),
(617, 'MEC 113	', 'BASIC WORKSHP TECHNOLOG& PRACTICE', 21, 3, 1, 63),
(618, 'MEC 113	', 'BASIC WORKSHP TECHNOLOGY & PRACTICE', 21, 3, 1, 63),
(619, 'MTH 111	', 'LOGIC AND LINEAR ALGEBRA', 21, 3, 1, 98),
(620, 'ICT 201	', 'COMPUTER AIDED DESIGN & DRAFTNG I ', 21, 3, 2, 13),
(621, 'MEC 121	', 'ENGINEERING GRAPHICS', 21, 3, 2, 57),
(622, 'MEC 121	', 'THERMODYNAIMICS I', 21, 3, 2, 127),
(623, 'MEC 121	', 'THERMODYNAIMICS I', 21, 3, 2, 127),
(624, 'MEC 123	', 'MACHINE TOOLS TECHNOLOGY & PRACTICE', 21, 3, 2, 63),
(625, 'MEC 126	', 'WELDING TECHNOLOGY & PRATICE ', 21, 3, 2, 8),
(626, 'MTH 113	', 'ALGEBRA AND ELEMENTARY TRIGONOMETRY', 21, 3, 2, 98),
(627, 'STA 111	', 'INTRODCTION TO STATISTICS', 21, 3, 2, 98),
(628, 'STA 111	', 'INTRODUCTION TO STATISTICS', 21, 3, 2, 98),
(629, 'MEC 124	', 'ENGINEERING MECHANICS (DYNAMICS)', 21, 3, 2, 124),
(630, 'MEC 125	', 'AUTOMATIVE TECHNOLOGY & PRACTICE', 21, 3, 2, 67),
(631, 'MEC 218	', 'TECHNICAL REPORT WRITING I', 21, 3, 2, 8),
(632, 'MEC 218	', 'TECHNICAL REPORT WRITING I', 20, 2, 1, 8),
(633, 'MEC 211	', 'ENGINEERING DRAWING I', 20, 2, 1, 13),
(634, 'MEC 212	 ', 'ENGINEERING MEASUREMENT', 20, 2, 1, 3),
(635, 'MEC 213	', 'THERMODYNAMICS II', 20, 2, 1, 127),
(636, 'MEC 214	', 'FLUID MECHANICS', 20, 2, 1, 28),
(637, 'MTH 114	', 'CALCULUS', 20, 2, 1, 130),
(638, 'MTH 114	', 'CALCULUS', 20, 2, 1, 130),
(639, 'MEC 215	', 'FOUNDRY TECH. & FORGING OPERATIONS', 20, 2, 1, 71),
(640, 'MEC 217	', 'WELDING & FABRICATION TECHNOLOGY', 20, 2, 1, 66),
(641, 'TPM 218	', 'PRINCIPLES & TECHNIQUES OF VEHICLE DRIVING', 20, 2, 1, 126),
(642, 'EEC 125	', 'ELECTRICAL ENGINEERING SCIENCE II', 20, 2, 1, 77),
(643, 'GNS 201	', 'USE OF ENGLISH II', 20, 2, 1, 55),
(644, 'GNS 201	', 'USE OF ENGLISH II', 20, 2, 1, 55),
(645, 'MTH 112	', 'TRIGONOMETRY AND ANALYTICAL GEOMETRY', 20, 2, 2, 48),
(646, 'MEC 222	', 'STRENGTH OF MATERIALS I', 20, 2, 2, 84),
(647, 'MEC 223	', 'ENGINEERING DRAWING II', 20, 2, 2, 57),
(648, 'MEC 224	', 'PROPERTIES OF MATERIALS ', 20, 2, 2, 124),
(649, 'MEC 226	', 'PLANT SERVICES & MAINTENANCE', 20, 2, 2, 19),
(650, 'MEC 227	', 'AUTOMOTIVE TECHNOLOGY AND PRACTICE ', 20, 2, 2, 66),
(651, 'BAM 228	', 'SUPERVISORY MANAGEMENT', 20, 2, 2, 47),
(652, 'MEC 225	', 'REFRIGERATION & AIR CONDITIONING ', 20, 2, 2, 127),
(653, 'MTH 321	', 'NUMERICAL METHOD IN ENGINEERING ', 18, 6, 1, 33),
(654, 'GNS 417	', 'FRENCH FOR TECHNICAL PURPOSES I', 18, 6, 1, 141),
(655, 'EEC 411	', 'ELECTROMAGNETIC FIELD THEORY', 18, 6, 1, 26),
(656, 'EEC 411	', 'ELECTROMAGNETIC FIELD THEORY', 18, 6, 1, 26),
(658, 'EEE 417	', 'ELECTRONIC DESIGN & DRAFTING', 18, 6, 1, 7),
(659, 'EEE 417	', 'ELECTRONIC DESIGN & DRAFTING', 18, 6, 1, 7),
(662, 'EEE 415	', 'DIGITAL COMMUNICATION II', 18, 6, 1, 57),
(663, 'EEE 414	', 'ANALOGUE ELECTRONICS IV', 18, 6, 1, 92),
(664, 'EEI 411	', 'ELECTRONIC MEASUREMENT & CONTROL IV', 18, 6, 1, 143),
(665, 'EEE 418	', 'MICROPROCESSOR APPLICATIONS', 18, 6, 1, 138),
(666, 'EEC 413	', 'CONTROL ENGINEERING III', 18, 6, 1, 22),
(667, 'STA 429	', 'STATISTICAL METHODS IN ENGINEERING', 18, 6, 2, 93),
(668, 'COM 313	', 'COMPUTER PROGRAMMING USING C ++', 18, 6, 2, 69),
(669, 'EED 413	', 'ENTREPRENEURSHIP DEVELOPMENT II', 18, 6, 2, 81),
(670, 'EED 413	', 'ENTREPRENEURSHIP DEVELOPMENT II', 18, 6, 2, 81),
(671, 'GNS 428	', 'FRENCH FOR TECHNICAL PURPOSES II', 18, 6, 2, 141),
(672, 'EEE 426	', 'ELECTRONIC MAINTENANCE & REPAIRS	', 18, 6, 2, 138),
(673, 'EEE 425	', 'DIGITAL COMMUNICATION III	', 18, 6, 2, 70),
(674, 'EEE 427	', 'COMPUTER HARDWARE MAINTENANCE & REPAIR', 18, 6, 2, 60),
(675, 'MEC 218	', 'TECHNICAL REPORT WRITING I', 20, 2, 1, 8),
(676, 'MEC 211	', 'ENGINEERING DRAWING I', 20, 2, 1, 13),
(677, 'MEC 211	', 'ENGINEERING DRAWING I', 20, 2, 1, 13),
(678, 'MEC 212	', 'ENGINEERING MEASUREMENT ', 20, 2, 1, 3),
(679, 'MEC 213', 'THERMODYNAMICS II', 20, 2, 1, 127),
(680, 'MEC 214	', 'FLUID MECHANICS', 20, 2, 1, 28),
(681, 'MEC 214	', 'FLUID MECHANICS', 20, 2, 1, 28),
(682, 'MTH 114	', 'CALCULUS', 20, 2, 1, 130),
(683, 'MEC 215	', 'FOUNDRY TECH. & FORGING OPERATIONS', 20, 2, 1, 70),
(684, 'MEC 215	', 'FOUNDRY TECH. & FORGING OPERATIONS', 20, 2, 1, 70),
(685, 'MEC 217	', 'WELDING & FABRICATION TECHNOLOGY', 20, 2, 1, 66),
(686, 'TPM 218		', 'PRINCIPLES & TECHNIQUES OF VEHICLE DRIVING', 20, 2, 1, 126),
(687, 'EEC 125	', 'ELECTRICAL ENGINEERING SCIENCE II', 20, 2, 1, 77),
(688, 'GNS 201	', 'USE OF ENGLISH II', 20, 2, 1, 55),
(689, 'GNS 201	', 'USE OF ENGLISH II', 20, 2, 1, 55),
(690, 'MTH 112	', 'TRIGONOMETRY AND ANALYTICAL GEOMETRY', 20, 2, 2, 48),
(691, 'MTH 112	', 'TRIGONOMETRY AND ANALYTICAL GEOMETRY', 20, 2, 2, 48),
(692, 'MEC 222	', 'STRENGTH OF MATERIALS I', 20, 2, 2, 84),
(693, 'MEC 223	', 'ENGINEERING DRAWING II', 20, 2, 2, 57),
(694, 'MEC 224	', 'PROPERTIES OF MATERIALS ', 20, 2, 2, 124),
(695, 'MEC 224	', 'PROPERTIES OF MATERIALS ', 20, 2, 2, 124),
(696, 'MEC 226	', 'PLANT SERVICES & MAINTENANCE	', 20, 2, 2, 19),
(697, 'MEC 226	', 'PLANT SERVICES & MAINTENANCE	', 20, 2, 2, 19),
(698, 'MEC 227	', 'AUTOMOTIVE TECHNOLOGY AND PRACTICE ', 20, 2, 2, 66),
(699, 'BAM 228	', 'SUPERVISORY MANAGEMENT', 20, 2, 2, 47),
(700, 'GNS 201	', 'USE OF ENGLISH II', 22, 4, 1, 55),
(701, 'MEC 212	', 'ENGINEERING MEASUREMENT ', 22, 4, 1, 46),
(702, 'MEC 213	', 'THERMODYNAMICS II', 22, 4, 1, 127),
(703, 'MEC 213	', 'THERMODYNAMICS II', 22, 4, 1, 127),
(704, 'MEC 214	', 'FLUID MECHANICS', 22, 4, 1, 28),
(705, 'MEC 214	', 'FLUID MECHANICS', 22, 4, 1, 28),
(706, 'MTH 114	', 'CALCULUS', 22, 4, 1, 64),
(707, 'MEC 215	', 'FOUNDRY TECH. & FORGING OPERATIONS', 22, 4, 1, 71),
(708, 'MEC 217	', 'WELDING & FABRICATION TECHNOLOGY', 22, 4, 1, 66),
(709, 'MEC 218	', 'TECHNICAL REPORT WRITING I', 22, 4, 1, 8),
(710, 'MEC 218	', 'TECHNICAL REPORT WRITING I', 22, 4, 1, 8),
(711, 'EEC 125	', 'ELECTRICAL ENGINEERING SCIENCE II', 22, 4, 1, 77),
(712, 'MEC 211	', 'ENGINEERING DRAWING I', 22, 4, 1, 13),
(713, 'MEC 211	', 'ENGINEERING DRAWING I', 22, 4, 1, 13),
(714, 'MEC 211	', 'ENGINEERING DRAWING I', 22, 4, 1, 13),
(715, 'MTH 112	', 'TRIGONOMETRY AND ANALYTICAL GEOMETRY', 22, 4, 2, 3),
(716, 'MEC 222	', 'STRENGTH OF MATERIALS I', 22, 4, 2, 67),
(717, 'MEC 224	', 'PROPERTIES OF MATERIALS ', 22, 4, 2, 124),
(718, 'MEC 224	', 'PROPERTIES OF MATERIALS ', 22, 4, 2, 124),
(719, 'MEC 227	', 'AUTOMOTIVE TECHNOLOGY AND PRACTICE ', 22, 4, 2, 51),
(720, 'TPM 218	', 'PRINCIPLES & TECHNIQUES OF VEHICLE DRIVING', 22, 4, 2, 126),
(721, 'BAM 228	', 'SUPERVISORY MANAGEMENT', 22, 4, 2, 47),
(722, 'MEC 226	', 'PLANT SERVICES & MAINTENANCE ', 22, 4, 2, 19),
(723, 'MEC 226	', 'PLANT SERVICES & MAINTENANCE ', 22, 4, 2, 19),
(724, 'MEC 316	', 'MACHINE ELEMENT DESIGN I', 23, 5, 1, 66),
(725, 'GNS 301	', 'USE OF ENGLISH III', 23, 5, 1, 31),
(726, 'MTH 311	', 'ADVANCED ALGEBRA	', 23, 5, 1, 64),
(727, 'MEC 312	', 'ENGINEERING DESIGN', 23, 5, 1, 66),
(728, 'MEC 315	', 'MECHANICS OF MACHINES', 23, 5, 1, 67),
(729, 'MEC 313', 'STRESS  ANALYSIS', 23, 5, 1, 84),
(730, 'MEC 314	', 'INSTRUMENTATION & CONTROL', 23, 5, 1, 19),
(731, 'COM 311', 'COMPUTER PROGRAMMING', 23, 5, 1, 120),
(732, 'SEC 311	', 'ENGINEER IN SOCIETY', 23, 5, 1, 71),
(733, 'MTH 312	', 'ADVANCED CALCULUS', 23, 5, 2, 33),
(734, 'MEM 321	', 'METAL FORMING AND HEAT TREATMENT', 23, 5, 2, 71),
(735, 'MEM 322	', 'JOINING & FABRICATION PROCESSES', 23, 5, 2, 84),
(736, 'MEM 323	', 'FOUNDRY TECHNOLOGY & PRACTICE', 23, 5, 2, 127),
(737, 'MEC 321	', 'PROJECT MANAGEMENT', 23, 5, 2, 21),
(738, 'MEC 322	', 'MECHANICAL STRUCTURE ANALYSIS', 23, 5, 2, 84),
(739, 'MEC 323	', 'ADVANCED FLUID MECHANICS', 23, 5, 2, 127),
(740, 'MEC 324	', 'SAFETY AND ENVIRONMENTAL ENGINEERING', 23, 5, 2, 71),
(741, 'MEC 328	', 'TECHNICAL WRITING II', 23, 5, 2, 8),
(742, 'MEC 325	', 'QUALITY ASSURANCE', 23, 5, 2, 21),
(743, 'SEC 321	', 'INDUSTRIAL MANAGEMENT', 23, 5, 2, 31),
(744, 'SEC 321	', 'INDUSTRIAL MANAGEMENT', 23, 5, 2, 31),
(745, 'SEC 321	', 'INDUSTRIAL MANAGEMENT', 23, 5, 2, 31),
(746, 'MTH 321	', 'NUMERICAL METHODS', 24, 6, 1, 33),
(747, 'MEC 411	', 'CAD/CAM', 24, 6, 1, 8),
(748, 'MEC 412	', 'FLUID POWER MACHINES', 24, 6, 1, 21),
(749, 'MEP 411	', 'REFRIDGERATOR AND AIR CONDITIONING', 24, 6, 1, 21),
(750, 'MEP 412	', 'MECHANICAL EQUIPMENT IN BUILDING', 24, 6, 1, 19),
(751, 'GNS 417	', 'FRECH FOR TECHNICAL PURPOSES I', 24, 6, 1, 141),
(752, 'TPM 218	', 'PRINCIPLES AND TECHNIQUES OF VEHICLE DRIVING', 24, 6, 1, 108),
(753, 'MEC 413	', 'OPERATIONS MANGEMENT', 24, 6, 1, 21),
(754, 'MEC 414	', 'INDUSTRIAL MATERIALS AND APPLICATION', 24, 6, 1, 71),
(755, 'EEC 422	', 'ELECTRICAL POWER & MACHINES ', 24, 6, 1, 77),
(756, 'STA 429	', 'STATISTICAL METHODS IN ENGINEERING', 24, 6, 2, 93),
(757, 'GNS 428	', 'FRENCH FOR TECHNICEL PURPOSE II', 24, 6, 2, 141),
(758, 'MEC 421	', 'QUALITY ASSURANCE', 24, 6, 2, 21),
(759, 'MEC 422	', 'INDUSTRIAL ENGINEERING', 24, 6, 2, 21),
(760, 'MEC 423	', 'MATERIAL ENGINEERING', 24, 6, 2, 19),
(761, 'MEC 424	', 'PIPING DESIGN', 24, 6, 2, 38),
(762, 'MEP 422	', 'TRANSPORT ECONOMIC/MANAGEMENT', 24, 6, 2, 71),
(763, 'MEM 424	', 'MACHINE ASSESMENT & INSTALLATION', 24, 6, 2, 52),
(764, 'MEP 421	', 'CONSTRUCTION & MATERIAL HANDLING EQUIPMENT', 24, 6, 2, 19),
(765, 'MEP 423	', 'MAINTENANCE MANAGEMENT', 24, 6, 2, 38),
(766, 'MEC 422	', 'FLUID POWER MACHINES', 24, 6, 1, 124),
(767, 'MEP 424	', 'ELECTRO-MECHANICAL CONTROLS', 23, 5, 2, 124),
(768, 'MCE 117	', 'THERMO FLUIDS	', 11, 1, 1, 28);

-- --------------------------------------------------------

--
-- Table structure for table `Departments`
--

CREATE TABLE `Departments` (
  `department_id` int(11) NOT NULL,
  `department_name` varchar(255) DEFAULT NULL,
  `program_id` int(50) NOT NULL,
  `level_id` int(50) NOT NULL
) ENGINE=InnoDB DEFAULT CHARSET=utf8mb4 COLLATE=utf8mb4_general_ci;

--
-- Dumping data for table `Departments`
--

INSERT INTO `Departments` (`department_id`, `department_name`, `program_id`, `level_id`) VALUES
(1, 'Computer Engineering', 1, 1),
(2, 'Computer Engineering', 1, 2),
(3, 'Computer Engineering', 2, 3),
(4, 'Computer Engineering', 2, 4),
(5, 'Computer Engineering', 3, 5),
(6, 'Computer Engineering', 3, 6),
(7, 'AGRIC AND BIO-ENVIRONMENTAL ENGINEERING', 1, 1),
(8, 'AGRIC AND BIO-ENVIRONMENTAL ENGINEERING', 1, 2),
(9, 'AGRIC AND BIO-ENVIRONMENTAL ENGINEERING', 3, 5),
(10, 'AGRIC AND BIO-ENVIRONMENTAL ENGINEERING', 3, 6),
(11, 'MECHATRONICS ENGINEERING', 1, 1),
(12, 'MECHATRONICS ENGINEERING', 1, 2),
(13, 'ELECTRICAL ENGINEERING', 1, 1),
(14, 'ELECTRICAL ENGINEERING', 1, 2),
(15, 'ELECTRICAL ENGINEERING', 2, 3),
(16, 'ELECTRICAL ENGINEERING', 2, 4),
(17, 'ELECTRICAL ENGINEERING', 3, 5),
(18, 'ELECTRICAL ENGINEERING', 3, 6),
(19, 'MECHANICAL ENGINEERING', 1, 1),
(20, 'MECHANICAL ENGINEERING', 1, 2),
(21, 'MECHANICAL ENGINEERING', 2, 3),
(22, 'MECHANICAL ENGINEERING', 2, 4),
(23, 'MECHANICAL ENGINEERING', 3, 5),
(24, 'MECHANICAL ENGINEERING', 3, 6),
(25, 'CIVIL ENGINEERING', 1, 1),
(26, 'CIVIL ENGINEERING', 1, 2),
(27, 'CIVIL ENGINEERING', 2, 3),
(28, 'CIVIL ENGINEERING', 2, 4),
(29, 'CIVIL ENGINEERING', 3, 5),
(30, 'CIVIL ENGINEERING', 3, 6),
(31, 'WELDERING & FABRICATION ENGINEERING', 1, 1),
(32, 'WELDERING & FABRICATION ENGINEERING', 1, 2);

-- --------------------------------------------------------

--
-- Table structure for table `Lecturers`
--

CREATE TABLE `Lecturers` (
  `lecturer_id` int(11) NOT NULL,
  `lecturer_name` varchar(255) DEFAULT NULL
) ENGINE=InnoDB DEFAULT CHARSET=utf8mb4 COLLATE=utf8mb4_general_ci;

--
-- Dumping data for table `Lecturers`
--

INSERT INTO `Lecturers` (`lecturer_id`, `lecturer_name`) VALUES
(1, 'Abdulraheem, A. Y.'),
(2, 'Abioye, G. A.'),
(3, 'Aboloje, A. C.'),
(4, 'Adamu, A. D.'),
(5, 'Adaramola, O. J. Engr.'),
(6, 'Adeala, A. J. Engr.'),
(7, 'Adebanji, S. A.'),
(8, 'Adebesin, A. A. Engr.'),
(9, 'Adedokun, A. M. Surv.'),
(10, 'Adegbenro, S. A. Engr. (Dr.)'),
(11, 'Adegbesan, O. O.'),
(12, 'Adekanmbi, A. Y.'),
(13, 'Adeleye, A. D.'),
(14, 'Adenaiya, O. A.'),
(15, 'Adenigba, A. A. Engr.'),
(16, 'Adeoye, K. T. Mrs.'),
(17, 'Adesanmi, M. A.'),
(18, 'Adetona, Z. A. Engr.'),
(19, 'Adetunji, O. A.'),
(20, 'Adewara, M. B. Surv'),
(21, 'Adiyeloja, I. T. Engr.'),
(22, 'Afunlehin, O. A.'),
(23, 'Agbolade, O. A.'),
(24, 'Agbongiaban, F. E.'),
(25, 'Aikulola, O. A. Engr.'),
(26, 'Aiyelabowo, O. P. Engr. Dr.'),
(27, 'Ajayi, A. M. Miss'),
(28, 'Ajetunmobi, D. T. Engr.'),
(29, 'Ajibade, T. E. Miss'),
(30, 'Ajibodu, F. A. Engr.'),
(31, 'Ajibola, W. A. Engr.'),
(32, 'Ajibose, T. S.'),
(33, 'Akanbi, O. O.'),
(34, 'Akinbola, S. M. Mrs.'),
(35, 'Akingbade, L. O. Mrs.'),
(36, 'Akinpelu, O. O.'),
(37, 'Akinseinde, O. A.'),
(38, 'Akintade, J. O. Engr.'),
(39, 'Akintola O. M.'),
(40, 'Alausa, W. S. Engr.'),
(41, 'Aliu, O. H.'),
(42, 'Alu, A. N. Miss'),
(43, 'Alugbele, O. A. Mrs.'),
(44, 'Ayegbusi, O. A. Mrs.'),
(45, 'Ayodele, A. E.'),
(46, 'Babarinde, B. F. Engr.'),
(47, 'Babayemi, D.I. Mrs.'),
(48, 'Badru, J. O.'),
(49, 'Bitrus, B. I.'),
(50, 'Buoye, A. P.'),
(51, 'Chapi, S. P.'),
(52, 'Dada, D. A. Engr.'),
(53, 'Dawodu, H. O.'),
(54, 'Durojaiye, O. P. Dr.'),
(55, 'Edun, O. M. Mrs.'),
(56, 'Enemaku, L. E. Engr.'),
(57, 'Evavoawe, F. O.'),
(58, 'Eze, B. E. Engr. (Mrs.)'),
(59, 'Ezekiel, I. D.'),
(60, 'Fadare, S. A. Engr.'),
(61, 'Fagbuaro, O. E.'),
(62, 'Fasakin, C. D.'),
(63, 'Fasasi, T. A. Engr.'),
(64, 'Fatunmbi, E. O. Dr.'),
(65, 'Ibikunle, C. D. Miss'),
(66, 'Ibrahim, G. W. Engr.'),
(67, 'Idowu, T.'),
(68, 'Jaiyeoba, O. O. Mrs.'),
(69, 'Jiboku, F. J.'),
(70, 'Joseph, E. A. Engr.'),
(71, 'Joseph, O. O. Engr.'),
(72, 'Kosemani, B. S.'),
(73, 'Lawal, A. N.'),
(74, 'Lawal, R. A. Miss'),
(75, 'Lawal, S. A.'),
(76, 'Mathew, T. O. Engr.'),
(77, 'Mbamaluikem, P. O.'),
(78, 'Mosaku, A. O.'),
(79, 'Nwaobasi, U. N.'),
(80, 'Odede, O. M.'),
(81, 'Oderinde, M. O.'),
(82, 'Oderinde, S. A.'),
(83, 'Odetunde, M. W.'),
(84, 'Odunlami, S. A. Dr. Engr.'),
(85, 'Oduwole, A. S.'),
(86, 'Oginni, I. M. Mrs.'),
(87, 'Ogunlade, C. B. Engr.'),
(88, 'Ogunseitan, T. O.'),
(89, 'Ogunseye, J. O.'),
(90, 'Ogunyemi, O. J. Engr.'),
(91, 'Ogunyinka, O. I.'),
(92, 'Ojo, B. A. Engr.'),
(93, 'Ojo, G. O.'),
(94, 'Ojochegbe, A. T.'),
(95, 'Ojuawo, O. O.'),
(96, 'Okeke, H. S.'),
(97, 'Okeze, R. C. Mrs.'),
(98, 'Okoro, N. O.'),
(99, 'Okoye, C. U. Engr.'),
(100, 'Okparavero, O. O. Miss'),
(101, 'Okusanya, M. A. Engr.'),
(102, 'Olabode, O. R.'),
(103, 'Olaiya, O. O. Engr.'),
(104, 'Olaoye, J. O.'),
(105, 'Olarewaju, A. J. Dr.'),
(106, 'Olasina, J. R. Engr.'),
(107, 'Olatunji, O. M. Mrs.'),
(108, 'Olatunji, O. T. Mrs.'),
(109, 'Olayiwola, J. O. Mrs.'),
(110, 'Oloruko-Oba, A. A.'),
(111, 'Olowofela, S. S. Engr.'),
(112, 'Oloyede, E. O.'),
(113, 'Oluigbo, C. V.'),
(114, 'Olusona, E. O.'),
(115, 'Omolola, A. S. Engr.'),
(116, 'Omopariola, S. S. Engr.'),
(117, 'Omotola, O. E.'),
(118, 'Onigbara, V. B.'),
(119, 'Onipede, F. M.'),
(120, 'Onwuasoanya, N. C.'),
(121, 'Oretan, I. L.'),
(122, 'Oyebolu, I. D. Mrs.'),
(123, 'Phillips, O. O.'),
(124, 'Raji, O. K. Engr. (Mrs.)'),
(125, 'Sadiku, M. K. Bldr'),
(126, 'Salako, F. O.'),
(127, 'Sanni, E. O.'),
(128, 'Sekoni, R. T.'),
(129, 'Shobanke, E. K.'),
(130, 'Sikiru, O. A.'),
(131, 'Sodeinde, V. O.'),
(132, 'Sonde, E. O.'),
(133, 'Sotayo, F. O.'),
(134, 'Soyemi, O. B. Engr. (Dr.)'),
(135, 'Soyemi, S. J. Dr. (Mrs.)'),
(136, 'Suleiman, A. D.'),
(137, 'Sunday, B. D.'),
(138, 'Udoh, U. J.'),
(139, 'Uduak, E.'),
(140, 'Yinusa, A. A.'),
(141, 'Yusuf, S. O. Mrs.'),
(142, 'Yusuf, M. A. Mrs.'),
(143, 'Abdulhamid, I. G.');

-- --------------------------------------------------------

--
-- Table structure for table `Levels`
--

CREATE TABLE `Levels` (
  `level_id` int(11) NOT NULL,
  `level_name` varchar(255) DEFAULT NULL,
  `program_id` int(11) DEFAULT NULL
) ENGINE=InnoDB DEFAULT CHARSET=utf8mb4 COLLATE=utf8mb4_general_ci;

--
-- Dumping data for table `Levels`
--

INSERT INTO `Levels` (`level_id`, `level_name`, `program_id`) VALUES
(1, 'ND1', 1),
(2, 'ND2', 1),
(3, 'PND1', 2),
(4, 'PND2', 2),
(5, 'HND1', 3),
(6, 'HND2', 3);

-- --------------------------------------------------------

--
-- Table structure for table `Programs`
--

CREATE TABLE `Programs` (
  `program_id` int(11) NOT NULL,
  `program_name` varchar(255) DEFAULT NULL
) ENGINE=InnoDB DEFAULT CHARSET=utf8mb4 COLLATE=utf8mb4_general_ci;

--
-- Dumping data for table `Programs`
--

INSERT INTO `Programs` (`program_id`, `program_name`) VALUES
(1, 'ND'),
(2, 'PND'),
(3, 'HND');

-- --------------------------------------------------------

--
-- Table structure for table `Semesters`
--

CREATE TABLE `Semesters` (
  `semester_id` int(11) NOT NULL,
  `semester_name` varchar(255) DEFAULT NULL
) ENGINE=InnoDB DEFAULT CHARSET=utf8mb4 COLLATE=utf8mb4_general_ci;

--
-- Dumping data for table `Semesters`
--

INSERT INTO `Semesters` (`semester_id`, `semester_name`) VALUES
(1, 'First Semester'),
(2, 'Second Semester');

-- --------------------------------------------------------

--
-- Table structure for table `Timetable`
--

CREATE TABLE `Timetable` (
  `id` int(11) NOT NULL,
  `day` varchar(20) NOT NULL,
  `time` varchar(20) NOT NULL,
  `class` varchar(20) NOT NULL,
  `course` varchar(100) NOT NULL,
  `department` varchar(100) NOT NULL,
  `level` varchar(20) NOT NULL,
  `lecturer` varchar(100) NOT NULL,
  `semester` int(11) NOT NULL
) ENGINE=InnoDB DEFAULT CHARSET=utf8mb4 COLLATE=utf8mb4_general_ci;

--
-- Dumping data for table `Timetable`
--

INSERT INTO `Timetable` (`id`, `day`, `time`, `class`, `course`, `department`, `level`, `lecturer`, `semester`) VALUES
(2771, 'Wednesday', '10:00 AM - 12:00 PM', 'BE-1', 'CIVIL ENGINEERING DRAWING II', 'CIVIL ENGINEERING', 'PND2', 'Soyemi, O. B. Engr. (Dr.)', 2),
(2772, 'Wednesday', '10:00 AM - 12:00 PM', 'BC-4', 'TRACTOR AND THEIR POWER UNITS', 'AGRIC AND BIO-ENVIRONMENTAL ENGINEERING', 'HND2', 'Kosemani, B. S.', 2),
(2773, 'Wednesday', '10:00 AM - 12:00 PM', 'BC-2', 'WELDING TECHNOLOGY IV', 'WELDERING & FABRICATION ENGINEERING', 'ND2', 'Onigbara, V. B.', 2),
(2774, 'Wednesday', '10:00 AM - 12:00 PM', 'BD-3', 'TESTING & EVALUATIONS OF WELDS', 'WELDERING & FABRICATION ENGINEERING', 'ND2', 'Onigbara, V. B.', 2),
(2775, 'Wednesday', '10:00 AM - 12:00 PM', 'BF-3', 'TRIGONOMETRY AND ANALYTICAL GEOMETRY', 'MECHANICAL ENGINEERING', 'PND2', 'Aboloje, A. C.', 2),
(2776, 'Wednesday', '10:00 AM - 12:00 PM', 'AF-2', 'ELECTRICAL POWER III', 'ELECTRICAL ENGINEERING', 'PND2', 'Akintola O. M.', 2),
(2777, 'Wednesday', '10:00 AM - 12:00 PM', 'AG-4', 'ELECTRIC CIRCUIT THEORY II	', 'ELECTRICAL ENGINEERING', 'ND2', 'Okeke, H. S.', 2),
(2778, 'Wednesday', '10:00 AM - 12:00 PM', 'BA-1', 'PROPERTIES OF MATERIALS ', 'MECHANICAL ENGINEERING', 'ND2', 'Raji, O. K. Engr. (Mrs.)', 2),
(2779, 'Wednesday', '10:00 AM - 12:00 PM', 'BB-2', 'WELDING METAULLURGY I', 'WELDERING & FABRICATION ENGINEERING', 'ND1', 'Ajibola, W. A. Engr.', 2),
(2780, 'Wednesday', '10:00 AM - 12:00 PM', 'AE-5', 'ELECTRICAL MEASUREMENT & INSTRUMENTATION', 'Computer Engineering', 'PND1', 'Aliu, O. H.', 2),
(2781, 'Wednesday', '10:00 AM - 12:00 PM', 'AF-6', 'PRACTICE OF ENTREPRENEURSHIP', 'MECHATRONICS ENGINEERING', 'ND2', 'Okeze, R. C. Mrs.', 2),
(2782, 'Wednesday', '10:00 AM - 12:00 PM', 'AG-1', 'PLANT SERVICES & MAINTENANCE ', 'MECHANICAL ENGINEERING', 'PND2', 'Adetunji, O. A.', 2),
(2783, 'Wednesday', '10:00 AM - 12:00 PM', 'AE-1', 'INTRODUCTION TO STRUCTURAL DESIGN AND DETAILING', 'CIVIL ENGINEERING', 'ND2', 'Yinusa, A. A.', 2),
(2784, 'Wednesday', '10:00 AM - 12:00 PM', 'BB-4', 'TECHNICAL REPORT WRITING I', 'MECHANICAL ENGINEERING', 'PND1', 'Adebesin, A. A. Engr.', 2),
(2785, 'Wednesday', '10:00 AM - 12:00 PM', 'AG-2', 'COMPUTER AIDED DESIGN & DRAFTNG I ', 'MECHANICAL ENGINEERING', 'PND1', 'Adeleye, A. D.', 2),
(2786, 'Wednesday', '10:00 AM - 12:00 PM', 'BC-3', 'INTRODCTION TO STATISTICS', 'MECHANICAL ENGINEERING', 'ND1', 'Okoro, N. O.', 2),
(2787, 'Wednesday', '10:00 AM - 12:00 PM', 'BE-4', 'THERMODYNAMICS I', 'MECHANICAL ENGINEERING', 'ND1', 'Sanni, E. O.', 2),
(2788, 'Wednesday', '10:00 AM - 12:00 PM', 'AE-4', 'SPARK IGNITION ENGINE', 'MECHATRONICS ENGINEERING', 'ND1', 'Ajetunmobi, D. T. Engr.', 2),
(2789, 'Wednesday', '10:00 AM - 12:00 PM', 'BE-5', 'INTRODUCTION TO HIGHWAY ENGINEERING', 'CIVIL ENGINEERING', 'ND2', 'Ayegbusi, O. A. Mrs.', 2),
(2790, 'Wednesday', '10:00 AM - 12:00 PM', 'BE-2', 'ENGR. GEOLOGY AND BASIC SOIL MECHANICS', 'CIVIL ENGINEERING', 'PND1', 'Oloruko-Oba, A. A.', 2),
(2791, 'Wednesday', '10:00 AM - 12:00 PM', 'AF-1', 'ALGEBRA & ELEMENTARY TRIGONOMETRY', 'AGRIC AND BIO-ENVIRONMENTAL ENGINEERING', 'ND1', 'Badru, J. O.', 2),
(2792, 'Wednesday', '10:00 AM - 12:00 PM', 'BA-3', 'ENGINEERING MANAGEMENT', 'CIVIL ENGINEERING', 'HND2', 'Sadiku, M. K. Bldr', 2),
(2793, 'Wednesday', '10:00 AM - 12:00 PM', 'BA-6', 'PROPERTIES OF MATERIALS', 'MECHATRONICS ENGINEERING', 'ND1', 'Joseph, O. O. Engr.', 2),
(2794, 'Wednesday', '10:00 AM - 12:00 PM', 'BA-5', 'ALTERNATIVE TRANSPORTATION SYSTEM ', 'CIVIL ENGINEERING', 'HND2', 'Adeala, A. J. Engr.', 2),
(2795, 'Wednesday', '10:00 AM - 12:00 PM', 'BD-5', 'PLANT SERVICES & MAINTENANCE ', 'MECHANICAL ENGINEERING', 'PND2', 'Adetunji, O. A.', 2),
(2796, 'Wednesday', '10:00 AM - 12:00 PM', 'BA-4', 'ELECTRICAL POWER SYSTEM III 	 ', 'ELECTRICAL ENGINEERING', 'HND1', 'Okeke, H. S.', 2),
(2797, 'Wednesday', '10:00 AM - 12:00 PM', 'BC-1', 'MACHINE TOOLS TECHNOLOGY & PRACTICE', 'MECHANICAL ENGINEERING', 'PND1', 'Fasasi, T. A. Engr.', 2),
(2798, 'Wednesday', '10:00 AM - 12:00 PM', 'AF-4', 'MACHINE TOOLS TECHNOLOGY & PRACTICE', 'ELECTRICAL ENGINEERING', 'ND1', 'Ojochegbe, A. T.', 2),
(2799, 'Wednesday', '10:00 AM - 12:00 PM', 'BB-1', 'INSTRUMENTATION', 'AGRIC AND BIO-ENVIRONMENTAL ENGINEERING', 'HND1', 'Enemaku, L. E. Engr.', 2),
(2800, 'Wednesday', '10:00 AM - 12:00 PM', 'AF-5', 'ENGINEERING MECHANICS (DYNAMICS)', 'WELDERING & FABRICATION ENGINEERING', 'ND1', 'Raji, O. K. Engr. (Mrs.)', 2),
(2801, 'Wednesday', '10:00 AM - 12:00 PM', 'AE-3', 'ENTREPRENEURSHIP DEVELOPMENT', 'Computer Engineering', 'HND2', 'Eze, B. E. Engr. (Mrs.)', 2),
(2802, 'Wednesday', '10:00 AM - 12:00 PM', 'AE-2', 'INTRODUCTION TO STATISTICS', 'WELDERING & FABRICATION ENGINEERING', 'ND1', 'Adekanmbi, A. Y.', 2),
(2803, 'Wednesday', '10:00 AM - 12:00 PM', 'BF-5', 'AGRIC EXTENSION', 'AGRIC AND BIO-ENVIRONMENTAL ENGINEERING', 'ND2', 'Lawal, R. A. Miss', 2),
(2804, 'Wednesday', '10:00 AM - 12:00 PM', 'BC-6', 'FRENCH FOR TECHNICAL PURPOSES II	', 'AGRIC AND BIO-ENVIRONMENTAL ENGINEERING', 'HND2', 'Fasakin, C. D.', 2),
(2805, 'Wednesday', '10:00 AM - 12:00 PM', 'BF-4', 'AUTOMOTIVE', 'MECHANICAL ENGINEERING', 'ND1', 'Chapi, S. P.', 2),
(2806, 'Wednesday', '10:00 AM - 12:00 PM', 'BF-2', 'COMPUTER AIDED DESIGN & DRAFTING II	', 'CIVIL ENGINEERING', 'PND1', 'Olusona, E. O.', 2),
(2807, 'Wednesday', '10:00 AM - 12:00 PM', 'AG-5', 'ELECTRICAL POWER I', 'ELECTRICAL ENGINEERING', 'ND1', 'Olowofela, S. S. Engr.', 2),
(2808, 'Wednesday', '10:00 AM - 12:00 PM', 'BD-2', 'TELECOMMUNICATION ENGINEERING I', 'Computer Engineering', 'ND2', 'Suleiman, A. D.', 2),
(2809, 'Wednesday', '10:00 AM - 12:00 PM', 'BB-6', 'INTRODUCTION TO STATISTICS', 'CIVIL ENGINEERING', 'PND1', 'Adekanmbi, A. Y.', 2),
(2810, 'Wednesday', '10:00 AM - 12:00 PM', 'BF-6', 'ELECTRICAL POWER I', 'ELECTRICAL ENGINEERING', 'PND1', 'Oloyede, E. O.', 2),
(2811, 'Wednesday', '10:00 AM - 12:00 PM', 'AG-3', 'QUALITY ASSURANCE', 'MECHANICAL ENGINEERING', 'HND1', 'Adiyeloja, I. T. Engr.', 2),
(2812, 'Wednesday', '10:00 AM - 12:00 PM', 'AF-3', 'PYTHON PROGRAMMING', 'Computer Engineering', 'HND1', 'Olasina, J. R. Engr.', 2),
(2813, 'Wednesday', '10:00 AM - 12:00 PM', 'BD-6', 'CITIZENSHIP EDUCATION', 'Computer Engineering', 'ND1', 'Yusuf, S. O. Mrs.', 2),
(2814, 'Wednesday', '10:00 AM - 12:00 PM', 'BD-1', 'LAND LAW', 'AGRIC AND BIO-ENVIRONMENTAL ENGINEERING', 'HND1', 'Soyemi, S. J. Dr. (Mrs.)', 2),
(2815, 'Wednesday', '10:00 AM - 12:00 PM', 'AE-6', 'ELECTRICAL & ELECTRONIC INSTRUMENT I', 'ELECTRICAL ENGINEERING', 'PND1', 'Abdulhamid, I. G.', 2),
(2816, 'Wednesday', '10:00 AM - 12:00 PM', 'BE-3', 'ENGINEERING DRAWING II', 'MECHANICAL ENGINEERING', 'ND2', 'Evavoawe, F. O.', 2),
(2817, 'Wednesday', '10:00 AM - 12:00 PM', 'BB-5', 'PLANT SERVICES & MAINTENANCE	', 'MECHANICAL ENGINEERING', 'ND2', 'Adetunji, O. A.', 2),
(2818, 'Wednesday', '10:00 AM - 12:00 PM', 'BD-4', 'ELECTRICAL ENGINEERING SCIENCE II', 'Computer Engineering', 'PND1', 'Akintola O. M.', 2),
(2819, 'Wednesday', '10:00 AM - 12:00 PM', 'BA-2', 'TRIGONOMETRY AND ANALYTICAL GEOMETRY', 'MECHANICAL ENGINEERING', 'ND2', 'Badru, J. O.', 2),
(2820, 'Wednesday', '10:00 AM - 12:00 PM', 'BF-1', 'ARTIFICIAL INTELLIGENCE', 'Computer Engineering', 'HND2', 'Olaiya, O. O. Engr.', 2),
(2821, 'Wednesday', '10:00 AM - 12:00 PM', 'BE-6', 'AUTOMOTIVE TECHNOLOGY AND PRACTICE ', 'MECHANICAL ENGINEERING', 'PND2', 'Chapi, S. P.', 2),
(2822, 'Wednesday', '10:00 AM - 12:00 PM', 'BB-3', 'TRIGONOMETRY AND ANALYTICAL GEOMETRY', 'ELECTRICAL ENGINEERING', 'PND2', 'Fatunmbi, E. O. Dr.', 2),
(2823, 'Wednesday', '10:00 AM - 12:00 PM', 'BC-5', 'PROJECT MANAGEMENT', 'MECHANICAL ENGINEERING', 'HND1', 'Adiyeloja, I. T. Engr.', 2),
(2824, 'Wednesday', '4:00 PM - 6:00 PM', 'BE-1', 'CIVIL ENGINEERING DRAWING II', 'CIVIL ENGINEERING', 'ND2', 'Soyemi, O. B. Engr. (Dr.)', 2),
(2825, 'Wednesday', '4:00 PM - 6:00 PM', 'BC-4', 'ELECTRONIC MAINTENANCE & REPAIRS	', 'ELECTRICAL ENGINEERING', 'HND2', 'Udoh, U. J.', 2),
(2826, 'Wednesday', '4:00 PM - 6:00 PM', 'BC-2', 'CITIZENSHIP EDUCATION II', 'Computer Engineering', 'PND1', 'Abioye, G. A.', 2),
(2827, 'Wednesday', '4:00 PM - 6:00 PM', 'BD-3', 'INDUSTRIAL MANAGEMENT', 'MECHANICAL ENGINEERING', 'HND1', 'Ajibola, W. A. Engr.', 2),
(2828, 'Wednesday', '4:00 PM - 6:00 PM', 'BF-3', 'SCIENCE AND PROPERTIES OF MATERIALS	', 'CIVIL ENGINEERING', 'ND1', 'Oloruko-Oba, A. A.', 2),
(2829, 'Wednesday', '4:00 PM - 6:00 PM', 'AF-2', 'INDUSTRIAL MANAGEMENT', 'ELECTRICAL ENGINEERING', 'HND1', 'Ajibola, W. A. Engr.', 2),
(2830, 'Wednesday', '4:00 PM - 6:00 PM', 'AG-4', 'STATISTICAL METHOD IN ENGINEERING', 'CIVIL ENGINEERING', 'HND2', 'Ojo, G. O.', 2),
(2831, 'Wednesday', '4:00 PM - 6:00 PM', 'BA-1', 'COMPUTER AIDED DESIGN AND DRAFTING', 'WELDERING & FABRICATION ENGINEERING', 'ND1', 'Ojuawo, O. O.', 2),
(2832, 'Wednesday', '4:00 PM - 6:00 PM', 'BB-2', 'PIPING DESIGN', 'MECHANICAL ENGINEERING', 'HND2', 'Akintade, J. O. Engr.', 2),
(2833, 'Wednesday', '4:00 PM - 6:00 PM', 'AE-5', 'INTERNET & WEB TECHNOLOGY', 'Computer Engineering', 'ND1', 'Onwuasoanya, N. C.', 2),
(2834, 'Wednesday', '4:00 PM - 6:00 PM', 'AF-6', 'COMPUTER AIDED DESIGN & DRAFTING II', 'CIVIL ENGINEERING', 'HND1', 'Adeala, A. J. Engr.', 2),
(2835, 'Wednesday', '4:00 PM - 6:00 PM', 'AG-1', 'ADVANCED CALCULUS', 'AGRIC AND BIO-ENVIRONMENTAL ENGINEERING', 'HND1', 'Agbolade, O. A.', 2),
(2836, 'Wednesday', '4:00 PM - 6:00 PM', 'AE-1', 'ELECTRONIC DEVICES AND CIRCUITS II', 'MECHATRONICS ENGINEERING', 'ND2', 'Okeze, R. C. Mrs.', 2),
(2837, 'Wednesday', '4:00 PM - 6:00 PM', 'BB-4', 'ENTREPRENEURSHIP DEVELOPMENT ', 'AGRIC AND BIO-ENVIRONMENTAL ENGINEERING', 'HND2', 'Lawal, S. A.', 2),
(2838, 'Wednesday', '4:00 PM - 6:00 PM', 'AG-2', 'PROPERTIES OF MATERIALS ', 'MECHANICAL ENGINEERING', 'PND2', 'Raji, O. K. Engr. (Mrs.)', 2),
(2839, 'Wednesday', '4:00 PM - 6:00 PM', 'BC-3', 'THERMODYNAIMICS I', 'MECHANICAL ENGINEERING', 'PND1', 'Sanni, E. O.', 2),
(2840, 'Wednesday', '4:00 PM - 6:00 PM', 'BE-4', 'INTRODUCTION TO DIGITAL SIGNAL PROCESSING', 'Computer Engineering', 'HND2', 'Onwuasoanya, N. C.', 2),
(2841, 'Wednesday', '4:00 PM - 6:00 PM', 'AE-4', 'ALGEBRA & ELEMENTARY TRIGONOMETRY', 'WELDERING & FABRICATION ENGINEERING', 'ND1', 'Badru, J. O.', 2),
(2842, 'Wednesday', '4:00 PM - 6:00 PM', 'BE-5', 'SCIENCE AND PROPERTIES OF MATERIALS', 'CIVIL ENGINEERING', 'PND1', 'Oduwole, A. S.', 2),
(2843, 'Wednesday', '4:00 PM - 6:00 PM', 'BE-2', 'INDUSTRIAL MANAGEMENT', 'MECHANICAL ENGINEERING', 'HND1', 'Ajibola, W. A. Engr.', 2),
(2844, 'Wednesday', '4:00 PM - 6:00 PM', 'AF-1', 'FARM TRACTOR SYSTEMS OPERATIONS & MAINTENANCE', 'AGRIC AND BIO-ENVIRONMENTAL ENGINEERING', 'HND1', 'Agbongiaban, F. E.', 2),
(2845, 'Wednesday', '4:00 PM - 6:00 PM', 'BA-3', 'FARM MACHINERY MANAGEMENT', 'AGRIC AND BIO-ENVIRONMENTAL ENGINEERING', 'ND2', 'Enemaku, L. E. Engr.', 2),
(2846, 'Wednesday', '4:00 PM - 6:00 PM', 'BA-6', 'ENGINEERING COMPUTER APPLICATIONS II', 'AGRIC AND BIO-ENVIRONMENTAL ENGINEERING', 'HND1', 'Okusanya, M. A. Engr.', 2),
(2847, 'Wednesday', '4:00 PM - 6:00 PM', 'BA-5', 'CONSTRUCTION MANAGEMENT', 'CIVIL ENGINEERING', 'PND2', 'Adenaiya, O. A.', 2),
(2848, 'Wednesday', '4:00 PM - 6:00 PM', 'BD-5', 'TECHNICAL REPORT WRITING', 'Computer Engineering', 'ND1', 'Eze, B. E. Engr. (Mrs.)', 2),
(2849, 'Wednesday', '4:00 PM - 6:00 PM', 'BA-4', 'ADVANCED CALCULUS', 'AGRIC AND BIO-ENVIRONMENTAL ENGINEERING', 'HND1', 'Agbolade, O. A.', 2),
(2850, 'Wednesday', '4:00 PM - 6:00 PM', 'BC-1', 'AUTOMOTIVE TECHNOLOGY AND PRACTICE ', 'MECHANICAL ENGINEERING', 'ND2', 'Ibrahim, G. W. Engr.', 2),
(2851, 'Wednesday', '4:00 PM - 6:00 PM', 'AF-4', 'ENGINEERING GRAPHICS', 'MECHANICAL ENGINEERING', 'ND1', 'Evavoawe, F. O.', 2),
(2852, 'Wednesday', '4:00 PM - 6:00 PM', 'BB-1', 'MACHINE TOOLS TECHNOLOGY & PRACTICE', 'Computer Engineering', 'PND1', 'Ibrahim, G. W. Engr.', 2),
(2853, 'Wednesday', '4:00 PM - 6:00 PM', 'AF-5', 'TRIGONOMETRY & ANALYTICAL GEOMETRY', 'Computer Engineering', 'ND2', 'Fatunmbi, E. O. Dr.', 2),
(2854, 'Wednesday', '4:00 PM - 6:00 PM', 'AE-3', 'COMPUTER HARDWARE II', 'ELECTRICAL ENGINEERING', 'ND2', 'Alausa, W. S. Engr.', 2),
(2855, 'Wednesday', '4:00 PM - 6:00 PM', 'AE-2', 'INDUSTRIAL ENGINEERING', 'MECHANICAL ENGINEERING', 'HND2', 'Adiyeloja, I. T. Engr.', 2),
(2856, 'Wednesday', '4:00 PM - 6:00 PM', 'BF-5', 'INTRODUCTION TO STRUCTURAL DESIGN AND DETAILING', 'CIVIL ENGINEERING', 'PND2', 'Aikulola, O. A. Engr.', 2),
(2857, 'Wednesday', '4:00 PM - 6:00 PM', 'BC-6', 'TRIGONOMETRY AND ANALYTICAL GEOMETRY  ', 'ELECTRICAL ENGINEERING', 'ND2', 'Fatunmbi, E. O. Dr.', 2),
(2858, 'Wednesday', '4:00 PM - 6:00 PM', 'BF-4', 'ADVANCED CONSTRUCTION TECHNOLOGY', 'CIVIL ENGINEERING', 'HND1', 'Sadiku, M. K. Bldr', 2),
(2859, 'Wednesday', '4:00 PM - 6:00 PM', 'BF-2', 'PLANT SERVICES & MAINTENANCE	', 'MECHANICAL ENGINEERING', 'ND2', 'Adetunji, O. A.', 2),
(2860, 'Wednesday', '4:00 PM - 6:00 PM', 'AG-5', 'ADVANCED CALCULUS', 'MECHANICAL ENGINEERING', 'HND1', 'Akanbi, O. O.', 2),
(2861, 'Wednesday', '4:00 PM - 6:00 PM', 'BD-2', 'RESEARCH METHODOLOGY', 'Computer Engineering', 'HND2', 'Akingbade, L. O. Mrs.', 2),
(2862, 'Wednesday', '4:00 PM - 6:00 PM', 'BB-6', 'PRACTICE OF ENTREPRENEURSHIP', 'Computer Engineering', 'ND2', 'Akingbade, L. O. Mrs.', 2),
(2863, 'Wednesday', '4:00 PM - 6:00 PM', 'BF-6', 'ENGINE MAINTENANCE AND DIAGONISTIC MANAGEMENT', 'MECHATRONICS ENGINEERING', 'ND2', 'Ajetunmobi, D. T. Engr.', 2),
(2864, 'Wednesday', '4:00 PM - 6:00 PM', 'AG-3', 'ELECTRICAL POWER II', 'ELECTRICAL ENGINEERING', 'ND2', 'Mbamaluikem, P. O.', 2),
(2865, 'Wednesday', '4:00 PM - 6:00 PM', 'AF-3', 'COMMUNICATION IN ENGLISH II', 'Computer Engineering', 'PND2', 'Onipede, F. M.', 2),
(2866, 'Wednesday', '4:00 PM - 6:00 PM', 'BD-6', 'SOIL MECHANICS', 'CIVIL ENGINEERING', 'PND2', 'Oderinde, S. A.', 2),
(2867, 'Wednesday', '4:00 PM - 6:00 PM', 'BD-1', 'INTRODUCTION TO STATISTICS', 'MECHANICAL ENGINEERING', 'PND1', 'Okoro, N. O.', 2),
(2868, 'Wednesday', '4:00 PM - 6:00 PM', 'AE-6', 'ALGEBRA AND ELEMENTARY TRIGONOMETRY', 'MECHATRONICS ENGINEERING', 'ND1', 'Badru, J. O.', 2),
(2869, 'Wednesday', '4:00 PM - 6:00 PM', 'BE-3', 'COMMUNICATION IN ENGLISH I', 'Computer Engineering', 'ND1', 'Alu, A. N. Miss', 2),
(2870, 'Wednesday', '4:00 PM - 6:00 PM', 'BB-5', 'INDUSTRIAL MANAGEMENT', 'CIVIL ENGINEERING', 'HND1', 'Ajibola, W. A. Engr.', 2),
(2871, 'Wednesday', '4:00 PM - 6:00 PM', 'BD-4', 'COMPUTER HARDWARE MAINTENANCE & REPAIR', 'ELECTRICAL ENGINEERING', 'HND2', 'Fadare, S. A. Engr.', 2),
(2872, 'Wednesday', '4:00 PM - 6:00 PM', 'BA-2', 'MACHINE ASSESMENT & INSTALLATION', 'MECHANICAL ENGINEERING', 'HND2', 'Dada, D. A. Engr.', 2),
(2873, 'Wednesday', '4:00 PM - 6:00 PM', 'BF-1', 'ALGEBRA AND ELEMENTARY TRIGONOMETRY', 'MECHANICAL ENGINEERING', 'PND1', 'Okoro, N. O.', 2),
(2874, 'Wednesday', '4:00 PM - 6:00 PM', 'BE-6', 'INTRODUCTION TO RESEARCH METHODOLOGY', 'Computer Engineering', 'PND2', 'Onwuasoanya, N. C.', 2),
(2875, 'Wednesday', '4:00 PM - 6:00 PM', 'BB-3', 'FRENCH FOR TECHNICAL PURPOSE II', 'Computer Engineering', 'HND2', 'Oyebolu, I. D. Mrs.', 2),
(2876, 'Wednesday', '4:00 PM - 6:00 PM', 'BC-5', 'HYDROLOGY & HYDROGEOLOGY', 'CIVIL ENGINEERING', 'HND1', 'Olarewaju, A. J. Dr.', 2),
(2877, 'Wednesday', '2:00 PM - 4:00 PM', 'BE-1', 'COMMUNICATION IN ENGLISH I', 'Computer Engineering', 'ND2', 'Jaiyeoba, O. O. Mrs.', 2),
(2878, 'Wednesday', '2:00 PM - 4:00 PM', 'BC-4', 'TESTING METHOD & RELIABILITY', 'Computer Engineering', 'HND1', 'Afunlehin, O. A.', 2),
(2879, 'Wednesday', '2:00 PM - 4:00 PM', 'BC-2', 'STRENGTH OF MATERIALS', 'AGRIC AND BIO-ENVIRONMENTAL ENGINEERING', 'ND2', 'Idowu, T.', 2),
(2880, 'Wednesday', '2:00 PM - 4:00 PM', 'BD-3', 'COMPUTER AIDED DESIGN AND DRAFTING', 'ELECTRICAL ENGINEERING', 'PND1', 'Ogunyinka, O. I.', 2),
(2881, 'Wednesday', '2:00 PM - 4:00 PM', 'BF-3', 'PLANT SERVICES & MAINTENANCE', 'MECHANICAL ENGINEERING', 'ND2', 'Adetunji, O. A.', 2),
(2882, 'Wednesday', '2:00 PM - 4:00 PM', 'AF-2', 'AGRICULTURAL ENGINEERING IN DEVELOPMENT', 'AGRIC AND BIO-ENVIRONMENTAL ENGINEERING', 'HND2', 'Kosemani, B. S.', 2),
(2883, 'Wednesday', '2:00 PM - 4:00 PM', 'AG-4', 'SAFETY AND ENVIRONMENTAL ENGINEERING', 'MECHANICAL ENGINEERING', 'HND1', 'Joseph, O. O. Engr.', 2),
(2884, 'Wednesday', '2:00 PM - 4:00 PM', 'BA-1', 'ENGINEERING MECHANICS (DYNAMICS)', 'MECHANICAL ENGINEERING', 'PND1', 'Raji, O. K. Engr. (Mrs.)', 2),
(2885, 'Wednesday', '2:00 PM - 4:00 PM', 'BB-2', 'COOLING AND LUBRICATION SYSTEMS', 'MECHATRONICS ENGINEERING', 'ND1', 'Ajetunmobi, D. T. Engr.', 2),
(2886, 'Wednesday', '2:00 PM - 4:00 PM', 'AE-5', 'SUPERVISORY MANAGEMENT', 'WELDERING & FABRICATION ENGINEERING', 'ND2', 'Babayemi, D.I. Mrs.', 2),
(2887, 'Wednesday', '2:00 PM - 4:00 PM', 'AF-6', 'INTRODCTION TO STATISTICS', 'MECHANICAL ENGINEERING', 'PND1', 'Okoro, N. O.', 2),
(2888, 'Wednesday', '2:00 PM - 4:00 PM', 'AG-1', 'COMMUNICATION IN ENGLISH II', 'ELECTRICAL ENGINEERING', 'PND2', 'Ibikunle, C. D. Miss', 2),
(2889, 'Wednesday', '2:00 PM - 4:00 PM', 'AE-1', 'ENTREPRENEURSHIP DEVELOPMENT II', 'ELECTRICAL ENGINEERING', 'HND2', 'Oderinde, M. O.', 2),
(2890, 'Wednesday', '2:00 PM - 4:00 PM', 'BB-4', 'BASIC PRINCIPLES IN SURVEYING II', 'CIVIL ENGINEERING', 'ND1', 'Oduwole, A. S.', 2),
(2891, 'Wednesday', '2:00 PM - 4:00 PM', 'AG-2', 'ELECTRONICS I', 'ELECTRICAL ENGINEERING', 'PND1', 'Mathew, T. O. Engr.', 2),
(2892, 'Wednesday', '2:00 PM - 4:00 PM', 'BC-3', 'CONSTRUCTION AND MAINTENANCE OF FARM STRUCTURES', 'AGRIC AND BIO-ENVIRONMENTAL ENGINEERING', 'ND2', 'Adenigba, A. A. Engr.', 2),
(2893, 'Wednesday', '2:00 PM - 4:00 PM', 'BE-4', 'TRANSPORT ECONOMIC/MANAGEMENT', 'MECHANICAL ENGINEERING', 'HND2', 'Joseph, O. O. Engr.', 2),
(2894, 'Wednesday', '2:00 PM - 4:00 PM', 'AE-4', 'STATISTICAL METHODS IN ENGINEERING', 'MECHANICAL ENGINEERING', 'HND2', 'Ojo, G. O.', 2),
(2895, 'Wednesday', '2:00 PM - 4:00 PM', 'BE-5', 'TRIGONOMETRY AND ANALYTICAL GEOMETRY', 'MECHANICAL ENGINEERING', 'ND2', 'Badru, J. O.', 2),
(2896, 'Wednesday', '2:00 PM - 4:00 PM', 'BE-2', 'TECHNICAL WRITING II', 'MECHANICAL ENGINEERING', 'HND1', 'Adebesin, A. A. Engr.', 2),
(2897, 'Wednesday', '2:00 PM - 4:00 PM', 'AF-1', 'WATER SUPPLY AND SANITARY ENGINEERING', 'CIVIL ENGINEERING', 'PND2', 'Olaiya, O. O. Engr.', 2),
(2898, 'Wednesday', '2:00 PM - 4:00 PM', 'BA-3', 'COMPUTER AIDED DESIGN & DRAFTING I	', 'CIVIL ENGINEERING', 'ND1', 'Olusona, E. O.', 2),
(2899, 'Wednesday', '2:00 PM - 4:00 PM', 'BA-6', 'FIBER OPTIC FUNDAMENTALS', 'Computer Engineering', 'HND1', 'Olasina, J. R. Engr.', 2),
(2900, 'Wednesday', '2:00 PM - 4:00 PM', 'BA-5', 'SOIL SCIENCE AND IRRIGATION ENGINEERING', 'CIVIL ENGINEERING', 'PND2', 'Adegbesan, O. O.', 2),
(2901, 'Wednesday', '2:00 PM - 4:00 PM', 'BD-5', 'DIGITAL COMMUNICATION III	', 'ELECTRICAL ENGINEERING', 'HND2', 'Joseph, E. A. Engr.', 2),
(2902, 'Wednesday', '2:00 PM - 4:00 PM', 'BA-4', 'ELECTRICAL DESIGN AND DRAFTING I', 'ELECTRICAL ENGINEERING', 'HND1', 'Olowofela, S. S. Engr.', 2),
(2903, 'Wednesday', '2:00 PM - 4:00 PM', 'BC-1', 'AUTOMATIVE ELECTRONICS', 'MECHATRONICS ENGINEERING', 'ND2', 'Ajetunmobi, D. T. Engr.', 2),
(2904, 'Wednesday', '2:00 PM - 4:00 PM', 'AF-4', 'FUNDAMENTAL OF MECHATRONICS I', 'MECHATRONICS ENGINEERING', 'ND1', 'Okeze, R. C. Mrs.', 2),
(2905, 'Wednesday', '2:00 PM - 4:00 PM', 'BB-1', 'COMPUTER AIDED DESIGN AND DRAFTING', 'ELECTRICAL ENGINEERING', 'ND1', 'Mosaku, A. O.', 2),
(2906, 'Wednesday', '2:00 PM - 4:00 PM', 'AF-5', 'MAINTENANCE MANAGEMENT', 'MECHANICAL ENGINEERING', 'HND2', 'Akintade, J. O. Engr.', 2),
(2907, 'Wednesday', '2:00 PM - 4:00 PM', 'AE-3', 'ENGINEERING GRAPHICS', 'MECHANICAL ENGINEERING', 'PND1', 'Evavoawe, F. O.', 2),
(2908, 'Wednesday', '2:00 PM - 4:00 PM', 'AE-2', 'MACHINE TOOLS TECHNOLOGY & PRACTICE', 'MECHANICAL ENGINEERING', 'ND1', 'Fasasi, T. A. Engr.', 2),
(2909, 'Wednesday', '2:00 PM - 4:00 PM', 'BF-5', 'STATISTICAL METHOD IN ENGINEERING', 'AGRIC AND BIO-ENVIRONMENTAL ENGINEERING', 'HND2', 'Ojo, G. O.', 2),
(2910, 'Wednesday', '2:00 PM - 4:00 PM', 'BC-6', 'ELECTRONICS III', 'ELECTRICAL ENGINEERING', 'ND2', 'Fadare, S. A. Engr.', 2),
(2911, 'Wednesday', '2:00 PM - 4:00 PM', 'BF-4', 'PRACTICE OF ENTREPRENEURSHIP', 'CIVIL ENGINEERING', 'ND2', 'Sekoni, R. T.', 2),
(2912, 'Wednesday', '2:00 PM - 4:00 PM', 'BF-2', 'ELECTRO-MECHANICAL CONTROLS', 'MECHANICAL ENGINEERING', 'HND1', 'Raji, O. K. Engr. (Mrs.)', 2),
(2913, 'Wednesday', '2:00 PM - 4:00 PM', 'AG-5', 'ALGEBRA AND ELEMENTARY TRIGONOMETRY', 'MECHANICAL ENGINEERING', 'ND1', 'Durojaiye, O. P. Dr.', 2),
(2914, 'Wednesday', '2:00 PM - 4:00 PM', 'BD-2', 'REFRIGERATION & AIR CONDITIONING ', 'MECHANICAL ENGINEERING', 'ND2', 'Sanni, E. O.', 2),
(2915, 'Wednesday', '2:00 PM - 4:00 PM', 'BB-6', 'PROPERTIES OF MATERIALS ', 'MECHANICAL ENGINEERING', 'PND2', 'Raji, O. K. Engr. (Mrs.)', 2),
(2916, 'Wednesday', '2:00 PM - 4:00 PM', 'BF-6', 'STATISTICAL METHODS IN ENGINEERING', 'ELECTRICAL ENGINEERING', 'HND2', 'Ojo, G. O.', 2),
(2917, 'Wednesday', '2:00 PM - 4:00 PM', 'AG-3', 'INTRODUCTION TO PLASTIC WELDING', 'WELDERING & FABRICATION ENGINEERING', 'ND2', 'Ajibola, W. A. Engr.', 2),
(2918, 'Wednesday', '2:00 PM - 4:00 PM', 'AF-3', 'ELECTRICAL ENGINEERING SCIENCE II', 'ELECTRICAL ENGINEERING', 'PND1', 'Akintola O. M.', 2),
(2919, 'Wednesday', '2:00 PM - 4:00 PM', 'BD-6', 'PRACTICE OF ENTREPRENEURSHIP', 'AGRIC AND BIO-ENVIRONMENTAL ENGINEERING', 'ND2', 'Lawal, S. A.', 2),
(2920, 'Wednesday', '2:00 PM - 4:00 PM', 'BD-1', 'COMPUTER PROGRAMMING USING C ++', 'ELECTRICAL ENGINEERING', 'HND2', 'Jiboku, F. J.', 2),
(2921, 'Wednesday', '2:00 PM - 4:00 PM', 'AE-6', 'THERMODYNAIMICS I', 'MECHANICAL ENGINEERING', 'PND1', 'Sanni, E. O.', 2),
(2922, 'Wednesday', '2:00 PM - 4:00 PM', 'BE-3', 'ELECTRONICS I', 'ELECTRICAL ENGINEERING', 'ND1', 'Mathew, T. O. Engr.', 2),
(2923, 'Wednesday', '2:00 PM - 4:00 PM', 'BB-5', 'PROPERTIES OF MATERIALS', 'AGRIC AND BIO-ENVIRONMENTAL ENGINEERING', 'ND2', 'Raji, O. K. Engr. (Mrs.)', 2),
(2924, 'Wednesday', '2:00 PM - 4:00 PM', 'BD-4', 'SOIL MECHANICS', 'AGRIC AND BIO-ENVIRONMENTAL ENGINEERING', 'HND1', 'Oderinde, S. A.', 2),
(2925, 'Wednesday', '2:00 PM - 4:00 PM', 'BA-2', 'INTRODUCTION TO VISUAL BASIC ', 'Computer Engineering', 'PND2', 'Adaramola, O. J. Engr.', 2),
(2926, 'Wednesday', '2:00 PM - 4:00 PM', 'BF-1', 'CAD/DRAFTING', 'AGRIC AND BIO-ENVIRONMENTAL ENGINEERING', 'ND1', 'Kosemani, B. S.', 2),
(2927, 'Wednesday', '2:00 PM - 4:00 PM', 'BE-6', 'ELEMENT OF GEOINFORMATICS ', 'CIVIL ENGINEERING', 'PND2', 'Adewara, M. B. Surv', 2),
(2928, 'Wednesday', '2:00 PM - 4:00 PM', 'BB-3', 'MECHANICAL STRUCTURE ANALYSIS', 'MECHANICAL ENGINEERING', 'HND1', 'Odunlami, S. A. Dr. Engr.', 2),
(2929, 'Wednesday', '2:00 PM - 4:00 PM', 'BC-5', 'TECHNICAL REPORT WRITING II', 'AGRIC AND BIO-ENVIRONMENTAL ENGINEERING', 'HND1', 'Adenigba, A. A. Engr.', 2),
(2930, 'Wednesday', '12:00 PM - 2:00 PM', 'BE-1', 'ENTREPRENEURSHIP DEVELOPMENT II', 'ELECTRICAL ENGINEERING', 'HND2', 'Oderinde, M. O.', 2),
(2931, 'Wednesday', '12:00 PM - 2:00 PM', 'BC-4', 'ELECTRICAL ENGINEERING SCIENCE II', 'ELECTRICAL ENGINEERING', 'ND1', 'Bitrus, B. I.', 2),
(2932, 'Wednesday', '12:00 PM - 2:00 PM', 'BC-2', 'ADVANCED FLUID MECHANICS', 'MECHANICAL ENGINEERING', 'HND1', 'Sanni, E. O.', 2),
(2933, 'Wednesday', '12:00 PM - 2:00 PM', 'BD-3', 'COMPUTER HARDWARE SYSTEM DESIGN ', 'Computer Engineering', 'HND1', 'Adaramola, O. J. Engr.', 2),
(2934, 'Wednesday', '12:00 PM - 2:00 PM', 'BF-3', 'COMPUTER WORKSHOP PRACTICE II', 'Computer Engineering', 'ND2', 'Olasina, J. R. Engr.', 2),
(2935, 'Wednesday', '12:00 PM - 2:00 PM', 'AF-2', 'INTRODUCTION TO PROGRAMMING USING Q-BASIC', 'CIVIL ENGINEERING', 'PND1', 'Buoye, A. P.', 2),
(2936, 'Wednesday', '12:00 PM - 2:00 PM', 'AG-4', 'PROPERTIES OF BIOLOGICAL MATERIALS', 'AGRIC AND BIO-ENVIRONMENTAL ENGINEERING', 'HND1', 'Akinpelu, O. O.', 2),
(2937, 'Wednesday', '12:00 PM - 2:00 PM', 'BA-1', 'MACHINE TOOLS TECHNOLOGY & PRACTICE', 'ELECTRICAL ENGINEERING', 'ND1', 'Ojochegbe, A. T.', 2),
(2938, 'Wednesday', '12:00 PM - 2:00 PM', 'BB-2', 'ELCTRICAL ENGINEERING SCIENCE II', 'Computer Engineering', 'ND1', 'Fagbuaro, O. E.', 2),
(2939, 'Wednesday', '12:00 PM - 2:00 PM', 'AE-5', 'COMMUNICATION IN ENGLISH ', 'ELECTRICAL ENGINEERING', 'ND1', 'Yusuf, M. A. Mrs.', 2),
(2940, 'Wednesday', '12:00 PM - 2:00 PM', 'AF-6', 'ENTREPRENEURSHIP DEVELOPMENT', 'Computer Engineering', 'HND2', 'Eze, B. E. Engr. (Mrs.)', 2),
(2941, 'Wednesday', '12:00 PM - 2:00 PM', 'AG-1', 'MOBILE & WIRELESS COMMUNICATION  ', 'Computer Engineering', 'HND1', 'Ogunyinka, O. I.', 2),
(2942, 'Wednesday', '12:00 PM - 2:00 PM', 'AE-1', 'ENTREPRENEURSHIP DEVELOPMENT II', 'CIVIL ENGINEERING', 'HND2', 'Olaoye, J. O.', 2),
(2943, 'Wednesday', '12:00 PM - 2:00 PM', 'BB-4', 'ALGEBRA AND ELEMENTARY TRIGONOMETRY', 'ELECTRICAL ENGINEERING', 'ND1', 'Omotola, O. E.', 2),
(2944, 'Wednesday', '12:00 PM - 2:00 PM', 'AG-2', 'ELEMENTS OF GEOINFORMATICS', 'CIVIL ENGINEERING', 'ND2', 'Adewara, M. B. Surv', 2),
(2945, 'Wednesday', '12:00 PM - 2:00 PM', 'BC-3', 'INTRODUCTION TO STATISTICS	', 'CIVIL ENGINEERING', 'ND1', 'Adekanmbi, A. Y.', 2),
(2946, 'Wednesday', '12:00 PM - 2:00 PM', 'BE-4', 'DATA COMMUNICATION & NETWORKING ', 'ELECTRICAL ENGINEERING', 'HND1', 'Ajibodu, F. A. Engr.', 2),
(2947, 'Wednesday', '12:00 PM - 2:00 PM', 'AE-4', 'ELECTRICAL WORKSHOP PRACTICE & TECHNOLOGY  II', 'Computer Engineering', 'PND1', 'Suleiman, A. D.', 2),
(2948, 'Wednesday', '12:00 PM - 2:00 PM', 'BE-5', 'MACHINE TOOLS TECHNOLOGY & PRACTICE', 'Computer Engineering', 'ND1', 'Ibrahim, G. W. Engr.', 2),
(2949, 'Wednesday', '12:00 PM - 2:00 PM', 'BE-2', 'COMMUNICATION IN ENGLISH III', 'Computer Engineering', 'HND1', 'Abioye, G. A.', 2),
(2950, 'Wednesday', '12:00 PM - 2:00 PM', 'AF-1', 'TELECOMMUNICATIONS ENGINEERING I', 'ELECTRICAL ENGINEERING', 'ND1', 'Mosaku, A. O.', 2),
(2951, 'Wednesday', '12:00 PM - 2:00 PM', 'BA-3', 'COMPUTER NETWORK ', 'Computer Engineering', 'PND2', 'Adaramola, O. J. Engr.', 2),
(2952, 'Wednesday', '12:00 PM - 2:00 PM', 'BA-6', 'PRACTICE OF ENTREPRENEURSHIP', 'CIVIL ENGINEERING', 'PND2', 'Sekoni, R. T.', 2),
(2953, 'Wednesday', '12:00 PM - 2:00 PM', 'BA-5', 'ENGINEERING DRAWING II', 'AGRIC AND BIO-ENVIRONMENTAL ENGINEERING', 'ND2', 'Ogunlade, C. B. Engr.', 2),
(2954, 'Wednesday', '12:00 PM - 2:00 PM', 'BD-5', 'WELDING TECHNOLOGY & PRATICE', 'MECHANICAL ENGINEERING', 'ND1', 'Adebesin, A. A. Engr.', 2),
(2955, 'Wednesday', '12:00 PM - 2:00 PM', 'BA-4', 'ALGEBRA  AND ELEMENTARY TRIGONOMETRY	', 'CIVIL ENGINEERING', 'ND1', 'Durojaiye, O. P. Dr.', 2),
(2956, 'Wednesday', '12:00 PM - 2:00 PM', 'BC-1', 'SOIL SCIENCE AND IRRIGATION ENGINEERING', 'CIVIL ENGINEERING', 'ND2', 'Omopariola, S. S. Engr.', 2),
(2957, 'Wednesday', '12:00 PM - 2:00 PM', 'AF-4', 'FARM TRACTOR SYSTEMS OPERATIONS & MAINTENANCE', 'AGRIC AND BIO-ENVIRONMENTAL ENGINEERING', 'HND1', 'Agbongiaban, F. E.', 2),
(2958, 'Wednesday', '12:00 PM - 2:00 PM', 'BB-1', 'ADVANCED CALCULUS ', 'Computer Engineering', 'HND1', 'Akanbi, O. O.', 2),
(2959, 'Wednesday', '12:00 PM - 2:00 PM', 'AF-5', 'MICROPROCESSOR IN CONTROL & INSTRUMENTATION', 'Computer Engineering', 'HND2', 'Olasina, J. R. Engr.', 2),
(2960, 'Wednesday', '12:00 PM - 2:00 PM', 'AE-3', 'INFRASTRUCTURE/ PLANNING & MANAGEMENT', 'CIVIL ENGINEERING', 'HND2', 'Soyemi, O. B. Engr. (Dr.)', 2),
(2961, 'Wednesday', '12:00 PM - 2:00 PM', 'AE-2', 'COMP POWER SYSTEM/ INTROSUCTION TO COMPUTER', 'Computer Engineering', 'PND2', 'Eze, B. E. Engr. (Mrs.)', 2),
(2962, 'Wednesday', '12:00 PM - 2:00 PM', 'BF-5', 'FUNDAMENTALS OF AUTO ELECTRIC SYSTEMS', 'MECHATRONICS ENGINEERING', 'ND1', 'Ajetunmobi, D. T. Engr.', 2),
(2963, 'Wednesday', '12:00 PM - 2:00 PM', 'BC-6', 'INTRODICTION TO PLUMBING TECHNOLOGY PRACTICE', 'MECHANICAL ENGINEERING', 'ND1', 'Idowu, T.', 2),
(2964, 'Wednesday', '12:00 PM - 2:00 PM', 'BF-4', 'THERMODYNAMICS', 'AGRIC AND BIO-ENVIRONMENTAL ENGINEERING', 'ND1', 'Aboloje, A. C.', 2),
(2965, 'Wednesday', '12:00 PM - 2:00 PM', 'BF-2', 'PROJECT MANAGEMENT', 'Computer Engineering', 'HND2', 'Alausa, W. S. Engr.', 2),
(2966, 'Wednesday', '12:00 PM - 2:00 PM', 'AG-5', 'ADVANCED CALCULUS', 'CIVIL ENGINEERING', 'HND1', 'Akanbi, O. O.', 2),
(2967, 'Wednesday', '12:00 PM - 2:00 PM', 'BD-2', 'TESTING METHOD AND RELIABILITY', 'ELECTRICAL ENGINEERING', 'HND1', 'Afunlehin, O. A.', 2),
(2968, 'Wednesday', '12:00 PM - 2:00 PM', 'BB-6', 'FOUNDRY TECHNOLOGY & PRACTICE', 'MECHANICAL ENGINEERING', 'HND1', 'Sanni, E. O.', 2),
(2969, 'Wednesday', '12:00 PM - 2:00 PM', 'BF-6', 'CONSTRUCTION AND MAINTENANCE OF PROCE & STORAGE FACILITIES', 'AGRIC AND BIO-ENVIRONMENTAL ENGINEERING', 'ND1', 'Ogunlade, C. B. Engr.', 2),
(2970, 'Wednesday', '12:00 PM - 2:00 PM', 'AG-3', 'ELECTRICAL MEASUREMENT & INSTRUMENTATION ', 'Computer Engineering', 'ND1', 'Aliu, O. H.', 2),
(2971, 'Wednesday', '12:00 PM - 2:00 PM', 'AF-3', 'STRENGTH OF MATERIALS', 'CIVIL ENGINEERING', 'PND1', 'Odetunde, M. W.', 2),
(2972, 'Wednesday', '12:00 PM - 2:00 PM', 'BD-6', 'AGRICULTURAL PERSONNEL MANAGEMENT', 'AGRIC AND BIO-ENVIRONMENTAL ENGINEERING', 'HND2', 'Enemaku, L. E. Engr.', 2),
(2973, 'Wednesday', '12:00 PM - 2:00 PM', 'BD-1', 'ELECTRICAL CIRCUIT THEORY II', 'Computer Engineering', 'PND2', 'Ojo, B. A. Engr.', 2),
(2974, 'Wednesday', '12:00 PM - 2:00 PM', 'AE-6', 'TECHNICAL DRAWING II(DESCRIPTIVE GEOMETRY)', 'CIVIL ENGINEERING', 'PND1', 'Soyemi, O. B. Engr. (Dr.)', 2),
(2975, 'Wednesday', '12:00 PM - 2:00 PM', 'BE-3', 'FARM POWER AND MACHINERY MANAGEMENT', 'AGRIC AND BIO-ENVIRONMENTAL ENGINEERING', 'HND2', 'Agbongiaban, F. E.', 2),
(2976, 'Wednesday', '12:00 PM - 2:00 PM', 'BB-5', 'MEASUREMENT & EVALUATION', 'CIVIL ENGINEERING', 'PND2', 'Akinseinde, O. A.', 2),
(2977, 'Wednesday', '12:00 PM - 2:00 PM', 'BD-4', 'COMPRESSION IGNITION ENGINE', 'MECHATRONICS ENGINEERING', 'ND2', 'Chapi, S. P.', 2),
(2978, 'Wednesday', '12:00 PM - 2:00 PM', 'BA-2', 'ENGINEERING DRAWING II', 'MECHANICAL ENGINEERING', 'ND2', 'Evavoawe, F. O.', 2),
(2979, 'Wednesday', '12:00 PM - 2:00 PM', 'BF-1', 'DIGITAL COMPUTER  FUNDAMENTALS I', 'Computer Engineering', 'ND1', 'Adamu, A. D.', 2),
(2980, 'Wednesday', '12:00 PM - 2:00 PM', 'BE-6', 'BRIDGE ANALYSIS & DESIGN	', 'CIVIL ENGINEERING', 'HND2', 'Adegbesan, O. O.', 2),
(2981, 'Wednesday', '12:00 PM - 2:00 PM', 'BB-3', 'STRENGTH OF MATERIALS', 'CIVIL ENGINEERING', 'ND1', 'Aikulola, O. A. Engr.', 2),
(2982, 'Wednesday', '12:00 PM - 2:00 PM', 'BC-5', 'COMMUNICATION IN ENGLISH II', 'AGRIC AND BIO-ENVIRONMENTAL ENGINEERING', 'ND1', 'Ajibade, T. E. Miss', 2),
(2983, 'Wednesday', '8:00 AM - 10:00 AM', 'BE-1', 'ELECTRIC CIRCUIT THEORY IV	', 'ELECTRICAL ENGINEERING', 'HND1', 'Omolola, A. S. Engr.', 2),
(2984, 'Wednesday', '8:00 AM - 10:00 AM', 'BC-4', 'ELECTRONIC DEVICES AND CIRCUITS I', 'MECHATRONICS ENGINEERING', 'ND1', 'Abdulraheem, A. Y.', 2),
(2985, 'Wednesday', '8:00 AM - 10:00 AM', 'BC-2', 'INTRO TO MICROPROCESSOR & ASSEMBLY LANGUAGE', 'Computer Engineering', 'PND2', 'Olayiwola, J. O. Mrs.', 2),
(2986, 'Wednesday', '8:00 AM - 10:00 AM', 'BD-3', 'WATER SUPPLY AND SANITARY ENGINEERING', 'CIVIL ENGINEERING', 'ND2', 'Adegbesan, O. O.', 2),
(2987, 'Wednesday', '8:00 AM - 10:00 AM', 'BF-3', 'PRACTICE OF ENTREPRENEURSHIP', 'ELECTRICAL ENGINEERING', 'PND2', 'Bitrus, B. I.', 2),
(2988, 'Wednesday', '8:00 AM - 10:00 AM', 'AF-2', 'COMPUTER WORKSHOP PRACTICE II', 'Computer Engineering', 'PND2', 'Olasina, J. R. Engr.', 2),
(2989, 'Wednesday', '8:00 AM - 10:00 AM', 'AG-4', 'ELECTRONICS I', 'Computer Engineering', 'PND1', 'Mathew, T. O. Engr.', 2),
(2990, 'Wednesday', '8:00 AM - 10:00 AM', 'BA-1', 'TRIGONOMETRIC AND ANALYTICAL GEOMETRY', 'AGRIC AND BIO-ENVIRONMENTAL ENGINEERING', 'ND1', 'Badru, J. O.', 2),
(2991, 'Wednesday', '8:00 AM - 10:00 AM', 'BB-2', 'ALGEBRA  AND ELEMENTARY TRIGONOMETRY', 'CIVIL ENGINEERING', 'PND1', 'Omopariola, S. S. Engr.', 2),
(2992, 'Wednesday', '8:00 AM - 10:00 AM', 'AE-5', 'BASIC ELEMENT WELD & FABRICATION DESI', 'WELDERING & FABRICATION ENGINEERING', 'ND2', 'Onigbara, V. B.', 2),
(2993, 'Wednesday', '8:00 AM - 10:00 AM', 'AF-6', 'PRACTICE OF ENTREPRENEURSHIP', 'ELECTRICAL ENGINEERING', 'ND2', 'Bitrus, B. I.', 2),
(2994, 'Wednesday', '8:00 AM - 10:00 AM', 'AG-1', 'COMPUTER POWER SYSTEM/ INTRODUCTION TO CONTROL', 'Computer Engineering', 'ND2', 'Olayiwola, J. O. Mrs.', 2),
(2995, 'Wednesday', '8:00 AM - 10:00 AM', 'AE-1', 'PRINCIPLES & TECHNIQUES OF VEHICLE DRIVING', 'MECHANICAL ENGINEERING', 'PND2', 'Salako, F. O.', 2),
(2996, 'Wednesday', '8:00 AM - 10:00 AM', 'BB-4', 'MATERIAL ENGINEERING', 'MECHANICAL ENGINEERING', 'HND2', 'Adetunji, O. A.', 2),
(2997, 'Wednesday', '8:00 AM - 10:00 AM', 'AG-2', 'ENGINEERING DRAWING II', 'WELDERING & FABRICATION ENGINEERING', 'ND2', 'Evavoawe, F. O.', 2),
(2998, 'Wednesday', '8:00 AM - 10:00 AM', 'BC-3', 'CONTROL ENGINEERING 1', 'Computer Engineering', 'HND1', 'Ogunyemi, O. J. Engr.', 2),
(2999, 'Wednesday', '8:00 AM - 10:00 AM', 'BE-4', 'INTRODUCTION TO HYDROLOGY 	', 'CIVIL ENGINEERING', 'PND1', 'Lawal, A. N.', 2),
(3000, 'Wednesday', '8:00 AM - 10:00 AM', 'AE-4', 'TECHNICAL DRAWING (DESCRIPTIVE GEO)', 'WELDERING & FABRICATION ENGINEERING', 'ND1', 'Evavoawe, F. O.', 2),
(3001, 'Wednesday', '8:00 AM - 10:00 AM', 'BE-5', 'ELECTRONICS I', 'Computer Engineering', 'ND1', 'Mathew, T. O. Engr.', 2),
(3002, 'Wednesday', '8:00 AM - 10:00 AM', 'BE-2', 'ALGEBRA & ELEMENTARY TRIGONOMETRY', 'Computer Engineering', 'ND1', 'Badru, J. O.', 2),
(3003, 'Wednesday', '8:00 AM - 10:00 AM', 'AF-1', 'MACHINE TOOLS TECHNOLOGY & PRACTICE', 'ELECTRICAL ENGINEERING', 'PND1', 'Olowofela, S. S. Engr.', 2),
(3004, 'Wednesday', '8:00 AM - 10:00 AM', 'BA-3', 'TRANSPORTATION ENGINEERING', 'CIVIL ENGINEERING', 'HND1', 'Olaoye, J. O.', 2),
(3005, 'Wednesday', '8:00 AM - 10:00 AM', 'BA-6', 'REPAIR AND MAINTENANCE OF FARM IMPLEMENTS', 'AGRIC AND BIO-ENVIRONMENTAL ENGINEERING', 'ND1', 'Akinpelu, O. O.', 2),
(3006, 'Wednesday', '8:00 AM - 10:00 AM', 'BA-5', 'ELECTRICAL INSTALLATION OF BUILDING ', 'ELECTRICAL ENGINEERING', 'ND1', 'Mosaku, A. O.', 2),
(3007, 'Wednesday', '8:00 AM - 10:00 AM', 'BD-5', 'TELECOMMUNICATIONS ENGINEERING I', 'ELECTRICAL ENGINEERING', 'PND1', 'Mathew, T. O. Engr.', 2),
(3008, 'Wednesday', '8:00 AM - 10:00 AM', 'BA-4', 'COMPUTER/ELECTRONIC MAINTENANCE & REPAIR', 'Computer Engineering', 'ND1', 'Adamu, A. D.', 2),
(3009, 'Wednesday', '8:00 AM - 10:00 AM', 'BC-1', 'ALGEBRA AND ELEMENTARY TRIGONOMETRY', 'ELECTRICAL ENGINEERING', 'PND1', 'Omotola, O. E.', 2),
(3010, 'Wednesday', '8:00 AM - 10:00 AM', 'AF-4', 'CIVIL ENGINEERING CONSTRUCTION II ', 'CIVIL ENGINEERING', 'PND1', 'Ayegbusi, O. A. Mrs.', 2),
(3011, 'Wednesday', '8:00 AM - 10:00 AM', 'BB-1', 'ELECTRICAL & ELECTRONIC INSTRUMENT I', 'ELECTRICAL ENGINEERING', 'ND1', 'Abdulhamid, I. G.', 2),
(3012, 'Wednesday', '8:00 AM - 10:00 AM', 'AF-5', 'METAL FORMING AND HEAT TREATMENT', 'MECHANICAL ENGINEERING', 'HND1', 'Joseph, O. O. Engr.', 2),
(3013, 'Wednesday', '8:00 AM - 10:00 AM', 'AE-3', 'OPERATING SYSTEM ', 'Computer Engineering', 'PND2', 'Olaiya, O. O. Engr.', 2),
(3014, 'Wednesday', '8:00 AM - 10:00 AM', 'AE-2', 'INDUSTRIAL MANAGEMENT', 'AGRIC AND BIO-ENVIRONMENTAL ENGINEERING', 'HND1', 'Ajibola, W. A. Engr.', 2),
(3015, 'Wednesday', '8:00 AM - 10:00 AM', 'BF-5', 'INTRO TO MICROPROCESSOR & ASSEMBLY LANGUAGE', 'Computer Engineering', 'ND2', 'Olayiwola, J. O. Mrs.', 2),
(3016, 'Wednesday', '8:00 AM - 10:00 AM', 'BC-6', 'FUNDAMENTAL OF MECHATRONICS', 'MECHATRONICS ENGINEERING', 'ND2', 'Okeze, R. C. Mrs.', 2),
(3017, 'Wednesday', '8:00 AM - 10:00 AM', 'BF-4', 'TRIGONOMETRY & ANALYTICAL ', 'CIVIL ENGINEERING', 'ND2', 'Badru, J. O.', 2),
(3018, 'Wednesday', '8:00 AM - 10:00 AM', 'BF-2', 'SUPERVISORY MANAGEMENT', 'MECHANICAL ENGINEERING', 'ND2', 'Babayemi, D.I. Mrs.', 2),
(3019, 'Wednesday', '8:00 AM - 10:00 AM', 'AG-5', 'INTRODUCTION TO LIVESTOCK MECHANISATION', 'AGRIC AND BIO-ENVIRONMENTAL ENGINEERING', 'ND1', 'Enemaku, L. E. Engr.', 2),
(3020, 'Wednesday', '8:00 AM - 10:00 AM', 'BD-2', 'STATISTICAL METHODS IN ENGINEERING', 'Computer Engineering', 'HND2', 'Ojo, G. O.', 2),
(3021, 'Wednesday', '8:00 AM - 10:00 AM', 'BB-6', 'CONSTRUCTION MANAGEMANT', 'CIVIL ENGINEERING', 'ND2', 'Adenaiya, O. A.', 2),
(3022, 'Wednesday', '8:00 AM - 10:00 AM', 'BF-6', 'WELDING TECHNOLOGY', 'WELDERING & FABRICATION ENGINEERING', 'ND1', 'Onigbara, V. B.', 2),
(3023, 'Wednesday', '8:00 AM - 10:00 AM', 'AG-3', 'COMPUTER HARDWARE', 'ELECTRICAL ENGINEERING', 'PND2', 'Alausa, W. S. Engr.', 2),
(3024, 'Wednesday', '8:00 AM - 10:00 AM', 'AF-3', 'ADVANCED CALCULUS', 'ELECTRICAL ENGINEERING', 'HND1', 'Ezekiel, I. D.', 2),
(3025, 'Wednesday', '8:00 AM - 10:00 AM', 'BD-6', 'ENTREPRENEURSHIP DEVELOPMENT', 'Computer Engineering', 'PND2', 'Akingbade, L. O. Mrs.', 2),
(3026, 'Wednesday', '8:00 AM - 10:00 AM', 'BD-1', 'CHASIS SYSTEM', 'MECHATRONICS ENGINEERING', 'ND2', 'Ajetunmobi, D. T. Engr.', 2),
(3027, 'Wednesday', '8:00 AM - 10:00 AM', 'AE-6', 'JOINING & FABRICATION PROCESSES', 'MECHANICAL ENGINEERING', 'HND1', 'Odunlami, S. A. Dr. Engr.', 2),
(3028, 'Wednesday', '8:00 AM - 10:00 AM', 'BE-3', 'COMPUTER/ ELECTRONICS MAINTENANCE & REPAIR', 'Computer Engineering', 'PND1', 'Adamu, A. D.', 2),
(3029, 'Wednesday', '8:00 AM - 10:00 AM', 'BB-5', 'STRENGTH OF MATERIALS I', 'MECHANICAL ENGINEERING', 'PND2', 'Idowu, T.', 2),
(3030, 'Wednesday', '8:00 AM - 10:00 AM', 'BD-4', 'WATER AND WASTE WATER ENGINEERING', 'CIVIL ENGINEERING', 'HND1', 'Sekoni, R. T.', 2),
(3031, 'Wednesday', '8:00 AM - 10:00 AM', 'BA-2', 'TRIGONOMETRY AND ANALYTICAL GEOMETRY	', 'MECHATRONICS ENGINEERING', 'ND2', 'Fatunmbi, E. O. Dr.', 2),
(3032, 'Wednesday', '8:00 AM - 10:00 AM', 'BF-1', 'TELECOMMUNICATION ENGINEERING I', 'Computer Engineering', 'PND2', 'Suleiman, A. D.', 2),
(3033, 'Wednesday', '8:00 AM - 10:00 AM', 'BE-6', 'ELECTRICAL INSTALLATION OF BUILDING ', 'ELECTRICAL ENGINEERING', 'PND1', 'Mosaku, A. O.', 2),
(3034, 'Wednesday', '8:00 AM - 10:00 AM', 'BB-3', 'TRIGONOMETRY & ANALYTICAL GEOMETRY', 'AGRIC AND BIO-ENVIRONMENTAL ENGINEERING', 'ND2', 'Akanbi, O. O.', 2),
(3035, 'Wednesday', '8:00 AM - 10:00 AM', 'BC-5', 'PRINCIPLES OF SURVEYING AND FARM BUILDINGS', 'AGRIC AND BIO-ENVIRONMENTAL ENGINEERING', 'HND1', 'Ogunlade, C. B. Engr.', 2),
(3036, 'Friday', '2:00 PM - 4:00 PM', 'BE-1', 'TRIGONOMETRY AND ANALYTICAL GEOMETRY', 'MECHANICAL ENGINEERING', 'ND2', 'Badru, J. O.', 2),
(3037, 'Friday', '2:00 PM - 4:00 PM', 'BC-4', 'TILLAGE AND PLANTING MACHINERY	', 'AGRIC AND BIO-ENVIRONMENTAL ENGINEERING', 'HND1', 'Agbongiaban, F. E.', 2),
(3038, 'Friday', '2:00 PM - 4:00 PM', 'BC-2', 'TECHNICAL DRAWING II (DESCRIPTIVE GEOMETRY)', 'AGRIC AND BIO-ENVIRONMENTAL ENGINEERING', 'ND1', 'Ogunlade, C. B. Engr.', 2),
(3039, 'Friday', '2:00 PM - 4:00 PM', 'BD-3', 'MATRIX & ENERGY METHOD IN STRUCTURES(ELECTRIC)', 'CIVIL ENGINEERING', 'HND2', 'Olaoye, J. O.', 2),
(3040, 'Friday', '2:00 PM - 4:00 PM', 'BF-3', 'HEALTH, SAFETY & ENVIRONMENT', 'WELDERING & FABRICATION ENGINEERING', 'ND2', 'Oluigbo, C. V.', 2),
(3041, 'Friday', '2:00 PM - 4:00 PM', 'AF-2', 'SOIL MECHANICS', 'CIVIL ENGINEERING', 'ND2', 'Oderinde, S. A.', 2),
(3042, 'Friday', '2:00 PM - 4:00 PM', 'AG-4', 'ENGINEERING MECHNICS (DYNAMICS)', 'MECHANICAL ENGINEERING', 'ND1', 'Raji, O. K. Engr. (Mrs.)', 2),
(3043, 'Friday', '2:00 PM - 4:00 PM', 'BA-1', 'ELECTRONICS III', 'ELECTRICAL ENGINEERING', 'PND2', 'Ojo, B. A. Engr.', 2),
(3044, 'Friday', '2:00 PM - 4:00 PM', 'BB-2', 'TRIGONOMETRY & ANALYTICAL GEOMETRY', 'Computer Engineering', 'PND2', 'Badru, J. O.', 2),
(3045, 'Friday', '2:00 PM - 4:00 PM', 'AE-5', 'CONTROL SYSTEM I', 'MECHATRONICS ENGINEERING', 'ND2', 'Okeze, R. C. Mrs.', 2),
(3046, 'Friday', '2:00 PM - 4:00 PM', 'AF-6', 'FABRICATION TECHNOLOGY', 'WELDERING & FABRICATION ENGINEERING', 'ND1', 'Onigbara, V. B.', 2),
(3047, 'Friday', '2:00 PM - 4:00 PM', 'AG-1', 'ELECTRICAL CIRCUIT THEORY II', 'ELECTRICAL ENGINEERING', 'PND2', 'Omolola, A. S. Engr.', 2),
(3048, 'Friday', '2:00 PM - 4:00 PM', 'AE-1', 'SUPERVISORY MANAGEMENT', 'MECHANICAL ENGINEERING', 'PND2', 'Babayemi, D.I. Mrs.', 2),
(3049, 'Friday', '2:00 PM - 4:00 PM', 'BB-4', 'RURAL SOCIOLOGY & AGRICULTURAL EXTENSION', 'AGRIC AND BIO-ENVIRONMENTAL ENGINEERING', 'ND2', 'Ogunseitan, T. O.', 2),
(3050, 'Friday', '2:00 PM - 4:00 PM', 'AG-2', 'CONSTRUCTION & MATERIAL HANDLING EQUIPMENT', 'MECHANICAL ENGINEERING', 'HND2', 'Adetunji, O. A.', 2),
(3051, 'Friday', '2:00 PM - 4:00 PM', 'BC-3', 'ELECTRONICS II', 'Computer Engineering', 'HND1', 'Ojo, B. A. Engr.', 2),
(3052, 'Friday', '2:00 PM - 4:00 PM', 'BE-4', 'WELDING TECHNOLOGY & PRATICE ', 'MECHANICAL ENGINEERING', 'PND1', 'Adebesin, A. A. Engr.', 2),
(3053, 'Friday', '2:00 PM - 4:00 PM', 'AE-4', 'STRENGTH OF MATERIALS I', 'MECHANICAL ENGINEERING', 'ND2', 'Odunlami, S. A. Dr. Engr.', 2),
(3054, 'Friday', '2:00 PM - 4:00 PM', 'BE-5', 'METAULLOGRAPHIC', 'WELDERING & FABRICATION ENGINEERING', 'ND1', 'Ajibola, W. A. Engr.', 2),
(3055, 'Friday', '2:00 PM - 4:00 PM', 'BE-2', 'INTERNET & WEB TECHNOLOGY', 'Computer Engineering', 'PND1', 'Onwuasoanya, N. C.', 2),
(3056, 'Friday', '2:00 PM - 4:00 PM', 'AF-1', 'IRRIGATION & DRAINAGE', 'CIVIL ENGINEERING', 'HND2', 'Olarewaju, A. J. Dr.', 2),
(3057, 'Friday', '2:00 PM - 4:00 PM', 'BA-3', 'TECHNICAL DRAWING II (DESCRIPTIVE GEOMETRY)', 'MECHATRONICS ENGINEERING', 'ND1', 'Evavoawe, F. O.', 2),
(3058, 'Friday', '2:00 PM - 4:00 PM', 'BA-6', 'INTRODUCTION TO PROGRAMMING USING Q-BASIC', 'CIVIL ENGINEERING', 'ND1', 'Ayodele, A. E.', 2),
(3059, 'Friday', '2:00 PM - 4:00 PM', 'BA-5', 'QUALITY ASSURANCE', 'MECHANICAL ENGINEERING', 'HND2', 'Adiyeloja, I. T. Engr.', 2),
(3060, 'Friday', '2:00 PM - 4:00 PM', 'BD-5', 'DIGITAL COMMUNICATION I', 'ELECTRICAL ENGINEERING', 'HND1', 'Ajibodu, F. A. Engr.', 2),
(3061, 'Friday', '2:00 PM - 4:00 PM', 'BA-4', 'FOUNDATION ENGINEERING ', 'CIVIL ENGINEERING', 'HND1', 'Oderinde, S. A.', 2),
(3062, 'Friday', '2:00 PM - 4:00 PM', 'BC-1', 'INTRODUCTION TO STATISTICS', 'MECHATRONICS ENGINEERING', 'ND1', 'Adekanmbi, A. Y.', 2),
(3063, 'Friday', '2:00 PM - 4:00 PM', 'AF-4', 'FARM MACHINERY AND MECHANISATION', 'AGRIC AND BIO-ENVIRONMENTAL ENGINEERING', 'ND1', 'Adenigba, A. A. Engr.', 2),
(3064, 'Friday', '2:00 PM - 4:00 PM', 'BB-1', 'CIVIL ENGINEERING CONSTRUCTION', 'CIVIL ENGINEERING', 'ND1', 'Ayegbusi, O. A. Mrs.', 2),
(3065, 'Friday', '2:00 PM - 4:00 PM', 'AF-5', 'ELECTRICAL MACHINE III', 'ELECTRICAL ENGINEERING', 'HND1', 'Fagbuaro, O. E.', 2),
(3066, 'Friday', '2:00 PM - 4:00 PM', 'AE-3', 'AUTOMATIVE TECHNOLOGY & PRACTICE', 'MECHANICAL ENGINEERING', 'PND1', 'Idowu, T.', 2),
(3067, 'Friday', '2:00 PM - 4:00 PM', 'AE-2', 'FRENCH FOR TECHNICEL PURPOSE II', 'MECHANICAL ENGINEERING', 'HND2', 'Yusuf, S. O. Mrs.', 2),
(3068, 'Friday', '2:00 PM - 4:00 PM', 'BF-5', 'DIGITAL COMPUTER FUNDAMENTALS ', 'Computer Engineering', 'PND1', 'Alausa, W. S. Engr.', 2),
(3069, 'Friday', '2:00 PM - 4:00 PM', 'BC-6', 'TRIGONOMETRY & ANALYTICAL GEOMETRY ENGINEERING', 'CIVIL ENGINEERING', 'PND2', 'Sikiru, O. A.', 2),
(3070, 'Friday', '2:00 PM - 4:00 PM', 'BF-4', 'INDUSTRIAL MANAGEMENT', 'MECHANICAL ENGINEERING', 'HND1', 'Ajibola, W. A. Engr.', 2),
(3071, 'Friday', '2:00 PM - 4:00 PM', 'BF-2', 'PROPERTIES OF MATERIALS ', 'MECHANICAL ENGINEERING', 'ND2', 'Raji, O. K. Engr. (Mrs.)', 2),
(3072, 'Friday', '2:00 PM - 4:00 PM', 'AG-5', 'BASIC PRINCIPLES IN SURVEYING II', 'CIVIL ENGINEERING', 'PND1', 'Oduwole, A. S.', 2),
(3073, 'Friday', '2:00 PM - 4:00 PM', 'BD-2', 'INTRODUCTION TO COMPUTER PROGRAMMING', 'MECHATRONICS ENGINEERING', 'ND1', 'Sodeinde, V. O.', 2),
(3074, 'Friday', '2:00 PM - 4:00 PM', 'BB-6', 'ALGEBRA & ELEMENTARY TRIGONOMETRY', 'Computer Engineering', 'PND1', 'Agbolade, O. A.', 2),
(3075, 'Friday', '2:00 PM - 4:00 PM', 'BF-6', 'ELECTRIC CIRCUIT THEORY II', 'Computer Engineering', 'ND2', 'Ojo, B. A. Engr.', 2),
(3076, 'Friday', '2:00 PM - 4:00 PM', 'AG-3', 'ELECTRICAL MACHINES I', 'ELECTRICAL ENGINEERING', 'PND1', 'Akintola O. M.', 2),
(3077, 'Friday', '2:00 PM - 4:00 PM', 'AF-3', 'TECHNICAL REPORT WRITING', 'Computer Engineering', 'PND1', 'Eze, B. E. Engr. (Mrs.)', 2),
(3078, 'Friday', '2:00 PM - 4:00 PM', 'BD-6', 'CROP DRYING AND STORAGE', 'AGRIC AND BIO-ENVIRONMENTAL ENGINEERING', 'HND2', 'Adenigba, A. A. Engr.', 2),
(3079, 'Friday', '2:00 PM - 4:00 PM', 'BD-1', 'COMPUTER AIDED DESIGN & DRAFTNG I', 'MECHANICAL ENGINEERING', 'ND1', 'Adeleye, A. D.', 2),
(3080, 'Friday', '2:00 PM - 4:00 PM', 'AE-6', 'OPERATING SYSTEM', 'Computer Engineering', 'ND2', 'Olaiya, O. O. Engr.', 2),
(3081, 'Friday', '2:00 PM - 4:00 PM', 'BE-3', 'INTRODUCTION TO HIGHWAY ENGINEERING', 'CIVIL ENGINEERING', 'PND2', 'Olaoye, J. O.', 2),
(3082, 'Friday', '2:00 PM - 4:00 PM', 'BB-5', 'POST HARVEST TECHNOLOGIES AND STORAGE', 'AGRIC AND BIO-ENVIRONMENTAL ENGINEERING', 'ND2', 'Okusanya, M. A. Engr.', 2),
(3083, 'Friday', '2:00 PM - 4:00 PM', 'BD-4', 'ENGINEERING MEASUREMENT & EVALUATION', 'CIVIL ENGINEERING', 'ND2', 'Nwaobasi, U. N.', 2),
(3084, 'Friday', '2:00 PM - 4:00 PM', 'BA-2', 'SUPERVISORY MANAGEMENT', 'MECHANICAL ENGINEERING', 'ND2', 'Babayemi, D.I. Mrs.', 2),
(3085, 'Friday', '2:00 PM - 4:00 PM', 'BF-1', 'AUTOMOTIVE TECHNOLOGY AND PRACTICE ', 'MECHANICAL ENGINEERING', 'ND2', 'Ibrahim, G. W. Engr.', 2),
(3086, 'Friday', '2:00 PM - 4:00 PM', 'BE-6', 'COMMUNICATION IN ENGLISH', 'Computer Engineering', 'PND1', 'Alu, A. N. Miss', 2),
(3087, 'Friday', '2:00 PM - 4:00 PM', 'BB-3', 'ELECTRICAL MACHINES I', 'ELECTRICAL ENGINEERING', 'ND1', 'Oderinde, M. O.', 2),
(3088, 'Friday', '2:00 PM - 4:00 PM', 'BC-5', 'TRIGONOMETRY & ANALYTICAL GEOMETRY ENGINEERING', 'WELDERING & FABRICATION ENGINEERING', 'ND2', 'Akanbi, O. O.', 2),
(3089, 'Friday', '12:00 PM - 2:00 PM', 'BE-1', 'WATER & WASTE WATER ENGINEERING', 'CIVIL ENGINEERING', 'HND2', 'Aikulola, O. A. Engr.', 2),
(3090, 'Friday', '12:00 PM - 2:00 PM', 'BC-4', 'INTRODUCTION TO STATISTICS', 'AGRIC AND BIO-ENVIRONMENTAL ENGINEERING', 'ND1', 'Adekanmbi, A. Y.', 2),
(3091, 'Friday', '12:00 PM - 2:00 PM', 'BC-2', 'STRENGTH OF MATERIALS I', 'MECHANICAL ENGINEERING', 'ND2', 'Odunlami, S. A. Dr. Engr.', 2),
(3092, 'Friday', '12:00 PM - 2:00 PM', 'BD-3', 'COMMUNICATION IN ENGLISH II', 'ELECTRICAL ENGINEERING', 'ND2', 'Edun, O. M. Mrs.', 2),
(3093, 'Friday', '12:00 PM - 2:00 PM', 'BF-3', 'FRENCH FOR TECHNICAL PURPOSES II', 'ELECTRICAL ENGINEERING', 'HND2', 'Yusuf, S. O. Mrs.', 2),
(3094, 'Friday', '12:00 PM - 2:00 PM', 'AF-2', 'INNOVATION AND ACQUISITION OF OF TECHNOLOGY', 'WELDERING & FABRICATION ENGINEERING', 'ND1', 'Odede, O. M.', 2),
(3095, 'Friday', '12:00 PM - 2:00 PM', 'AG-4', 'FABRICATION PROCESS', 'WELDERING & FABRICATION ENGINEERING', 'ND1', 'Onigbara, V. B.', 2),
(3096, 'Friday', '12:00 PM - 2:00 PM', 'BA-1', 'ENGR. GEOLOGY AND BASIC SOIL MECHANICS', 'CIVIL ENGINEERING', 'ND1', 'Omolola, A. S. Engr.', 2),
(3097, 'Friday', '12:00 PM - 2:00 PM', 'BB-2', 'PROPERTIES OF MATERIALS ', 'MECHANICAL ENGINEERING', 'ND2', 'Raji, O. K. Engr. (Mrs.)', 2),
(3098, 'Friday', '12:00 PM - 2:00 PM', 'AE-5', 'DESIGN OF STRUCTURAL ELEMENTS', 'CIVIL ENGINEERING', 'HND1', 'Adegbesan, O. O.', 2),
(3099, 'Friday', '12:00 PM - 2:00 PM', 'AF-6', 'TECHNICAL DRAWING II(DESCRIPTIVE GEOMETRY)	', 'CIVIL ENGINEERING', 'ND1', 'Soyemi, O. B. Engr. (Dr.)', 2),
(3100, 'Friday', '12:00 PM - 2:00 PM', 'AG-1', 'MATERIAL SCIENCE II', 'WELDERING & FABRICATION ENGINEERING', 'ND1', 'Oluigbo, C. V.', 2),
(3101, 'Friday', '12:00 PM - 2:00 PM', 'AE-1', 'INTRODUCTION TO HYDROLOGY ', 'CIVIL ENGINEERING', 'ND1', 'Omopariola, S. S. Engr.', 2),
(3102, 'Friday', '12:00 PM - 2:00 PM', 'BB-4', 'COMMUNICATION IN ENGLISH ', 'ELECTRICAL ENGINEERING', 'PND1', 'Onipede, F. M.', 2),
(3103, 'Friday', '12:00 PM - 2:00 PM', 'AG-2', 'RURAL ELECTRIFICATION', 'AGRIC AND BIO-ENVIRONMENTAL ENGINEERING', 'HND1', 'Okusanya, M. A. Engr.', 2),
(3104, 'Friday', '12:00 PM - 2:00 PM', 'BC-3', 'FRENCH FOR TECHNICAL PURPOSE II', 'CIVIL ENGINEERING', 'HND2', 'Yusuf, S. O. Mrs.', 2),
(3105, 'Tuesday', '8:00 AM - 10:00 AM', 'BA-4', 'ANALOGUE ELECTRONICS IV', 'ELECTRICAL ENGINEERING', 'HND2', 'Ojo, B. A. Engr.', 1),
(3106, 'Tuesday', '8:00 AM - 10:00 AM', 'BD-4', 'CONTROL ENGINEERING III', 'ELECTRICAL ENGINEERING', 'HND2', 'Afunlehin, O. A.', 1),
(3107, 'Tuesday', '8:00 AM - 10:00 AM', 'BF-2', 'TECHNICAL REPORT WRITING I', 'MECHANICAL ENGINEERING', 'ND2', 'Adebesin, A. A. Engr.', 1),
(3108, 'Tuesday', '8:00 AM - 10:00 AM', 'BD-5', 'LAND CLEARING & DEVELOPMENT', 'AGRIC AND BIO-ENVIRONMENTAL ENGINEERING', 'HND1', 'Akinpelu, O. O.', 1),
(3109, 'Tuesday', '8:00 AM - 10:00 AM', 'BA-5', 'WELDING & FABRICATION TECHNOLOGY', 'MECHANICAL ENGINEERING', 'PND2', 'Ibrahim, G. W. Engr.', 1),
(3110, 'Tuesday', '8:00 AM - 10:00 AM', 'AG-5', 'BASIC PRINCIPLES IN SURVEYING I', 'CIVIL ENGINEERING', 'ND1', 'Oduwole, A. S.', 1),
(3111, 'Tuesday', '8:00 AM - 10:00 AM', 'BB-6', 'INTRODUCTION TO ENTREPRENEURSHIP', 'ELECTRICAL ENGINEERING', 'ND1', 'Oderinde, M. O.', 1),
(3112, 'Tuesday', '8:00 AM - 10:00 AM', 'BE-6', 'ENGINEERING MATHEMATICS', 'ELECTRICAL ENGINEERING', 'ND1', 'Mbamaluikem, P. O.', 1),
(3113, 'Tuesday', '8:00 AM - 10:00 AM', 'BC-5', 'GENERAL ENGINEERING MATHEMATICS ', 'CIVIL ENGINEERING', 'ND1', 'Oloruko-Oba, A. A.', 1),
(3114, 'Tuesday', '8:00 AM - 10:00 AM', 'AE-6', 'USE OF ENGLISH', 'AGRIC AND BIO-ENVIRONMENTAL ENGINEERING', 'ND2', 'Jaiyeoba, O. O. Mrs.', 1),
(3115, 'Tuesday', '8:00 AM - 10:00 AM', 'AG-3', 'INTRODUCTION TO ENTREPRENEURSHIP', 'MECHATRONICS ENGINEERING', 'ND1', 'Okeze, R. C. Mrs.', 1),
(3116, 'Tuesday', '8:00 AM - 10:00 AM', 'AG-1', 'INTRODUCTION TO ENTREPRENEURSHIP', 'ELECTRICAL ENGINEERING', 'PND1', 'Bitrus, B. I.', 1),
(3117, 'Tuesday', '8:00 AM - 10:00 AM', 'AG-2', 'ELECTRONICS DESIGN & PROTOTYPING ', 'Computer Engineering', 'HND1', 'Olaiya, O. O. Engr.', 1),
(3118, 'Tuesday', '8:00 AM - 10:00 AM', 'BD-6', 'THERMODYNAMICS II', 'MECHANICAL ENGINEERING', 'PND2', 'Sanni, E. O.', 1),
(3119, 'Tuesday', '8:00 AM - 10:00 AM', 'BA-1', 'CROP PROCESSING AND HANDLING MACHINERY', 'AGRIC AND BIO-ENVIRONMENTAL ENGINEERING', 'HND2', 'Kosemani, B. S.', 1),
(3120, 'Tuesday', '8:00 AM - 10:00 AM', 'BF-5', 'INTRODUCTION TO ENTREPRENEURSHIP', 'Computer Engineering', 'PND1', 'Eze, B. E. Engr. (Mrs.)', 1),
(3121, 'Tuesday', '8:00 AM - 10:00 AM', 'AF-1', 'ADV. REINF AND PRE-STRESSED CONCRETE DESIGN', 'CIVIL ENGINEERING', 'HND2', 'Omopariola, S. S. Engr.', 1),
(3122, 'Tuesday', '8:00 AM - 10:00 AM', 'BC-2', 'INTRODUCTION TO COMPUTING', 'WELDERING & FABRICATION ENGINEERING', 'ND1', 'Ogunseye, J. O.', 1),
(3123, 'Tuesday', '8:00 AM - 10:00 AM', 'BA-6', 'LOGIC AND LINEAR ALGEBRA', 'MECHANICAL ENGINEERING', 'ND1', 'Durojaiye, O. P. Dr.', 1),
(3124, 'Tuesday', '8:00 AM - 10:00 AM', 'BC-1', 'ELECTRONIC DESIGN & DRAFTING', 'ELECTRICAL ENGINEERING', 'HND2', 'Adebanji, S. A.', 1),
(3125, 'Tuesday', '8:00 AM - 10:00 AM', 'AE-1', 'INTRODUCTION TO COMPUTING	', 'MECHANICAL ENGINEERING', 'PND1', 'Buoye, A. P.', 1);
INSERT INTO `Timetable` (`id`, `day`, `time`, `class`, `course`, `department`, `level`, `lecturer`, `semester`) VALUES
(3126, 'Tuesday', '8:00 AM - 10:00 AM', 'AF-5', 'INTRODUCTION TO ENTREPRENEURSHIP', 'AGRIC AND BIO-ENVIRONMENTAL ENGINEERING', 'ND1', 'Lawal, S. A.', 1),
(3127, 'Tuesday', '8:00 AM - 10:00 AM', 'AE-5', 'COMPUTER WORKSHOP PRACTICE I', 'Computer Engineering', 'ND2', 'Olasina, J. R. Engr.', 1),
(3128, 'Tuesday', '8:00 AM - 10:00 AM', 'BA-2', 'GENERAL ENGINEERING MATHEMATICS', 'ELECTRICAL ENGINEERING', 'PND1', 'Mbamaluikem, P. O.', 1),
(3129, 'Tuesday', '8:00 AM - 10:00 AM', 'BD-3', 'PRINCIPLES AND TECHNIQUES OF VEHICLE DRIVING', 'MECHANICAL ENGINEERING', 'HND2', 'Olatunji, O. T. Mrs.', 1),
(3130, 'Tuesday', '8:00 AM - 10:00 AM', 'AF-2', 'INTRODUCTION TO ENTREPRENEURSHIP', 'Computer Engineering', 'ND1', 'Eze, B. E. Engr. (Mrs.)', 1),
(3131, 'Tuesday', '8:00 AM - 10:00 AM', 'AE-3', 'USE OF ENGLISH', 'ELECTRICAL ENGINEERING', 'PND1', 'Alu, A. N. Miss', 1),
(3132, 'Tuesday', '8:00 AM - 10:00 AM', 'BE-1', 'GENERAL ENGINEERING MATHEMATICS', 'MECHANICAL ENGINEERING', 'ND1', 'Aboloje, A. C.', 1),
(3133, 'Tuesday', '8:00 AM - 10:00 AM', 'BF-6', 'TECHNICAL REPORT WRITING', 'CIVIL ENGINEERING', 'ND2', 'Olarewaju, A. J. Dr.', 1),
(3134, 'Tuesday', '8:00 AM - 10:00 AM', 'BF-4', 'USE OF ENGLISH II', 'Computer Engineering', 'PND2', 'Edun, O. M. Mrs.', 1),
(3135, 'Tuesday', '8:00 AM - 10:00 AM', 'BD-1', 'THEORY OF STRUCTURES I', 'CIVIL ENGINEERING', 'PND2', 'Adeala, A. J. Engr.', 1),
(3136, 'Tuesday', '8:00 AM - 10:00 AM', 'BA-3', 'ENGINEER IN SOCIETY', 'MECHANICAL ENGINEERING', 'HND1', 'Joseph, O. O. Engr.', 1),
(3137, 'Tuesday', '8:00 AM - 10:00 AM', 'BB-5', 'FRENCH FOR TECHNICAL PURPOSES I', 'ELECTRICAL ENGINEERING', 'HND2', 'Yusuf, S. O. Mrs.', 1),
(3138, 'Tuesday', '8:00 AM - 10:00 AM', 'BB-4', 'THEORY  OF STRUCTURES', 'AGRIC AND BIO-ENVIRONMENTAL ENGINEERING', 'HND1', 'Ogunlade, C. B. Engr.', 1),
(3139, 'Tuesday', '8:00 AM - 10:00 AM', 'BC-4', 'BASIC WORKSHOP TECHNOLOGY & PRACTICE', 'Computer Engineering', 'ND1', 'Idowu, T.', 1),
(3140, 'Tuesday', '8:00 AM - 10:00 AM', 'BC-3', 'ELECTRICAL MACHINES II', 'ELECTRICAL ENGINEERING', 'PND2', 'Akintola O. M.', 1),
(3141, 'Tuesday', '8:00 AM - 10:00 AM', 'BE-2', 'CALCULUS', 'MECHANICAL ENGINEERING', 'ND2', 'Sikiru, O. A.', 1),
(3142, 'Tuesday', '8:00 AM - 10:00 AM', 'AF-4', 'USE OF ENGLISH I', 'MECHATRONICS ENGINEERING', 'ND1', 'Adesanmi, M. A.', 1),
(3143, 'Tuesday', '8:00 AM - 10:00 AM', 'BF-1', 'FOUNDRY TECH. & FORGING OPERATIONS', 'MECHANICAL ENGINEERING', 'ND2', 'Joseph, O. O. Engr.', 1),
(3144, 'Tuesday', '8:00 AM - 10:00 AM', 'BC-6', 'TECHNICAL DRAWING (GEOMETRICAL CONSTRUCTION)', 'ELECTRICAL ENGINEERING', 'PND1', 'Evavoawe, F. O.', 1),
(3145, 'Tuesday', '8:00 AM - 10:00 AM', 'BD-2', 'USE OF ENGLISH II', 'MECHANICAL ENGINEERING', 'ND2', 'Edun, O. M. Mrs.', 1),
(3146, 'Tuesday', '8:00 AM - 10:00 AM', 'BB-1', 'DATA STRUCTURES', 'Computer Engineering', 'PND1', 'Olayiwola, J. O. Mrs.', 1),
(3147, 'Tuesday', '8:00 AM - 10:00 AM', 'BE-4', 'FRECH FOR TECHNICAL PURPOSES I', 'MECHANICAL ENGINEERING', 'HND2', 'Yusuf, S. O. Mrs.', 1),
(3148, 'Tuesday', '8:00 AM - 10:00 AM', 'AE-4', 'ELECTRONICS II', 'Computer Engineering', 'HND1', 'Ojo, B. A. Engr.', 1),
(3149, 'Tuesday', '8:00 AM - 10:00 AM', 'AF-6', 'CIVIL ENGINEERING CONSTRUCTION III', 'CIVIL ENGINEERING', 'ND2', 'Oderinde, S. A.', 1),
(3150, 'Tuesday', '8:00 AM - 10:00 AM', 'AG-4', 'COMPUTER SYSTEM INSTALLATION & MAINTENANCE ', 'Computer Engineering', 'HND1', 'Onwuasoanya, N. C.', 1),
(3151, 'Tuesday', '8:00 AM - 10:00 AM', 'BB-3', 'USE OF ENGLISH I', 'Computer Engineering', 'ND1', 'Jaiyeoba, O. O. Mrs.', 1),
(3152, 'Tuesday', '8:00 AM - 10:00 AM', 'BF-3', 'ENGINEERING DRAWING I', 'MECHANICAL ENGINEERING', 'ND2', 'Adeleye, A. D.', 1),
(3153, 'Tuesday', '8:00 AM - 10:00 AM', 'AF-3', 'ENVIRONMENTAL ENGR. AND POLLUTION CONTROL', 'CIVIL ENGINEERING', 'HND2', 'Aikulola, O. A. Engr.', 1),
(3154, 'Tuesday', '8:00 AM - 10:00 AM', 'BE-3', 'INTRODUCTION TO COMPUTING', 'ELECTRICAL ENGINEERING', 'ND1', 'Buoye, A. P.', 1),
(3155, 'Tuesday', '8:00 AM - 10:00 AM', 'BB-2', 'AGRIC MATERIALS HANDLING TECHNOLOGY', 'AGRIC AND BIO-ENVIRONMENTAL ENGINEERING', 'ND2', 'Adenigba, A. A. Engr.', 1),
(3156, 'Tuesday', '8:00 AM - 10:00 AM', 'BE-5', 'CITIZENSHIP EDUCATION I', 'MECHANICAL ENGINEERING', 'ND1', 'Ajayi, A. M. Miss', 1),
(3157, 'Tuesday', '8:00 AM - 10:00 AM', 'AE-2', 'USE OF ENGLISH II', 'MECHANICAL ENGINEERING', 'PND2', 'Edun, O. M. Mrs.', 1),
(3158, 'Tuesday', '4:00 PM - 6:00 PM', 'BA-4', 'FOUNDRY TECH. & FORGING OPERATIONS', 'MECHANICAL ENGINEERING', 'ND2', 'Joseph, E. A. Engr.', 1),
(3159, 'Tuesday', '4:00 PM - 6:00 PM', 'BD-4', 'CAD/CAM', 'MECHANICAL ENGINEERING', 'HND2', 'Adebesin, A. A. Engr.', 1),
(3160, 'Tuesday', '4:00 PM - 6:00 PM', 'BF-2', 'ELECTRICAL MATERIAL SCIENCE', 'ELECTRICAL ENGINEERING', 'HND1', 'Mathew, T. O. Engr.', 1),
(3161, 'Tuesday', '4:00 PM - 6:00 PM', 'BD-5', 'BASIC PRINCIPLES IN SURVEYING I', 'CIVIL ENGINEERING', 'PND1', 'Oduwole, A. S.', 1),
(3162, 'Tuesday', '4:00 PM - 6:00 PM', 'BA-5', 'ENGINEERING MECHANICS(STATICS)', 'WELDERING & FABRICATION ENGINEERING', 'ND1', 'Ajetunmobi, D. T. Engr.', 1),
(3163, 'Tuesday', '4:00 PM - 6:00 PM', 'AG-5', 'NUMERICAL METHODS IN ENGINEERING', 'Computer Engineering', 'HND2', 'Akanbi, O. O.', 1),
(3164, 'Tuesday', '4:00 PM - 6:00 PM', 'BB-6', 'THERMODYNAMICS II', 'MECHANICAL ENGINEERING', 'PND2', 'Sanni, E. O.', 1),
(3165, 'Tuesday', '4:00 PM - 6:00 PM', 'BE-6', 'WELDING & FABRICATION TECHNOLOGY', 'MECHANICAL ENGINEERING', 'ND2', 'Ibrahim, G. W. Engr.', 1),
(3166, 'Tuesday', '4:00 PM - 6:00 PM', 'BC-5', 'BASIC WORKSHP TECHNOLOGY & PRACTICE', 'MECHANICAL ENGINEERING', 'PND1', 'Fasasi, T. A. Engr.', 1),
(3167, 'Tuesday', '4:00 PM - 6:00 PM', 'AE-6', 'HIGHWAY ENGINEERING', 'CIVIL ENGINEERING', 'HND2', 'Olaoye, J. O.', 1),
(3168, 'Tuesday', '4:00 PM - 6:00 PM', 'AG-3', 'FARM MACHINERY DESIGN AND CONSTRUCTION', 'AGRIC AND BIO-ENVIRONMENTAL ENGINEERING', 'HND2', 'Kosemani, B. S.', 1),
(3169, 'Tuesday', '4:00 PM - 6:00 PM', 'AG-1', 'FLUID POWER MACHINES', 'MECHANICAL ENGINEERING', 'HND2', 'Adiyeloja, I. T. Engr.', 1),
(3170, 'Tuesday', '4:00 PM - 6:00 PM', 'AG-2', 'TRAFFIC ENGINEERING', 'CIVIL ENGINEERING', 'HND2', 'Omopariola, S. S. Engr.', 1),
(3171, 'Tuesday', '4:00 PM - 6:00 PM', 'BD-6', 'CALCULUS', 'MECHANICAL ENGINEERING', 'PND2', 'Fatunmbi, E. O. Dr.', 1),
(3172, 'Tuesday', '4:00 PM - 6:00 PM', 'BA-1', 'ENGINEERING MEASUREMENT', 'MECHATRONICS ENGINEERING', 'ND1', 'Aboloje, A. C.', 1),
(3173, 'Tuesday', '4:00 PM - 6:00 PM', 'BF-5', 'USE OF ENGLISH II	', 'CIVIL ENGINEERING', 'PND2', 'Sikiru, O. A.', 1),
(3174, 'Tuesday', '4:00 PM - 6:00 PM', 'AF-1', 'ENGINEERING DRAWING I', 'MECHANICAL ENGINEERING', 'ND2', 'Adeleye, A. D.', 1),
(3175, 'Tuesday', '4:00 PM - 6:00 PM', 'BC-2', 'DATABASE CREATION & USAGE IN GEO INFORM', 'CIVIL ENGINEERING', 'HND2', 'Sotayo, F. O.', 1),
(3176, 'Tuesday', '4:00 PM - 6:00 PM', 'BA-6', 'PRINCIPLES OF CROP PRODUCTION', 'AGRIC AND BIO-ENVIRONMENTAL ENGINEERING', 'ND1', 'Okparavero, O. O. Miss', 1),
(3177, 'Tuesday', '4:00 PM - 6:00 PM', 'BC-1', 'ENGINEERING SURVEY', 'CIVIL ENGINEERING', 'ND2', 'Adedokun, A. M. Surv.', 1),
(3178, 'Tuesday', '4:00 PM - 6:00 PM', 'AE-1', 'COMPUTER ARCHITECTURE I', 'Computer Engineering', 'ND2', 'Olaiya, O. O. Engr.', 1),
(3179, 'Tuesday', '4:00 PM - 6:00 PM', 'AF-5', 'TECHNICAL DRAWING (GEOMETRICAL CONSTRUCTION)', 'ELECTRICAL ENGINEERING', 'ND1', 'Evavoawe, F. O.', 1),
(3180, 'Tuesday', '4:00 PM - 6:00 PM', 'AE-5', 'ADVANCED ALGEBRA', 'CIVIL ENGINEERING', 'HND1', 'Fatunmbi, E. O. Dr.', 1),
(3181, 'Tuesday', '4:00 PM - 6:00 PM', 'BA-2', 'TELECOMMUNICATIONS II', 'ELECTRICAL ENGINEERING', 'ND2', 'Aiyelabowo, O. P. Engr. Dr.', 1),
(3182, 'Tuesday', '4:00 PM - 6:00 PM', 'BD-3', 'CITIZENSHIP EDUCATION I	', 'MECHANICAL ENGINEERING', 'PND1', 'Ajibade, T. E. Miss', 1),
(3183, 'Tuesday', '4:00 PM - 6:00 PM', 'AF-2', 'CALCULUS', 'CIVIL ENGINEERING', 'ND2', 'Badru, J. O.', 1),
(3184, 'Tuesday', '4:00 PM - 6:00 PM', 'AE-3', 'PHYSICAL & HEALTH EDUCATION I	', 'CIVIL ENGINEERING', 'ND1', 'Oretan, I. L.', 1),
(3185, 'Tuesday', '4:00 PM - 6:00 PM', 'BE-1', 'HEAT ENGINES ', 'AGRIC AND BIO-ENVIRONMENTAL ENGINEERING', 'HND1', 'Okusanya, M. A. Engr.', 1),
(3186, 'Tuesday', '4:00 PM - 6:00 PM', 'BF-6', 'TECHNICAL REPORT WRITING', 'ELECTRICAL ENGINEERING', 'PND2', 'Olowofela, S. S. Engr.', 1),
(3187, 'Tuesday', '4:00 PM - 6:00 PM', 'BF-4', 'MECHANICAL WORKSHOP TECHNOLOGY & PRACTICE	', 'MECHATRONICS ENGINEERING', 'ND1', 'Ajetunmobi, D. T. Engr.', 1),
(3188, 'Tuesday', '4:00 PM - 6:00 PM', 'BD-1', 'INTRODUCTION TO COMPUTING', 'MECHATRONICS ENGINEERING', 'ND1', 'Aboloje, A. C.', 1),
(3189, 'Tuesday', '4:00 PM - 6:00 PM', 'BA-3', 'HYDRAULICS AND HYDROLOGY', 'CIVIL ENGINEERING', 'PND2', 'Olaoye, J. O.', 1),
(3190, 'Tuesday', '4:00 PM - 6:00 PM', 'BB-5', 'TECHNICAL REPORT WRITING I', 'MECHANICAL ENGINEERING', 'PND2', 'Adebesin, A. A. Engr.', 1),
(3191, 'Tuesday', '4:00 PM - 6:00 PM', 'BB-4', 'PHYSICAL & HEALTH EDUCATION I', 'CIVIL ENGINEERING', 'PND1', 'Oretan, I. L.', 1),
(3192, 'Tuesday', '4:00 PM - 6:00 PM', 'BC-4', 'COMPUTER ARCHITECTURE II', 'Computer Engineering', 'HND2', 'Aliu, O. H.', 1),
(3193, 'Tuesday', '4:00 PM - 6:00 PM', 'BC-3', 'RESEARCH METHODOLOGY', 'AGRIC AND BIO-ENVIRONMENTAL ENGINEERING', 'HND2', 'Agbongiaban, F. E.', 1),
(3194, 'Tuesday', '4:00 PM - 6:00 PM', 'BE-2', 'PRINCIPLES & TECHNIQUES OF VEHICLE DRIVING', 'MECHANICAL ENGINEERING', 'ND2', 'Salako, F. O.', 1),
(3195, 'Tuesday', '4:00 PM - 6:00 PM', 'AF-4', 'INDUSTRIAL MATERIALS AND APPLICATION', 'MECHANICAL ENGINEERING', 'HND2', 'Joseph, O. O. Engr.', 1),
(3196, 'Tuesday', '4:00 PM - 6:00 PM', 'BF-1', 'UNDER WATER WELDING', 'WELDERING & FABRICATION ENGINEERING', 'ND2', 'Ajibola, W. A. Engr.', 1),
(3197, 'Tuesday', '4:00 PM - 6:00 PM', 'BC-6', 'INTRODUCTION TO RENEWABLE ENERGY', 'ELECTRICAL ENGINEERING', 'ND2', 'Oderinde, M. O.', 1),
(3198, 'Tuesday', '4:00 PM - 6:00 PM', 'BD-2', 'BASIC WORKSHP TECHNOLOGY & PRACTICE', 'MECHANICAL ENGINEERING', 'ND1', 'Fasasi, T. A. Engr.', 1),
(3199, 'Tuesday', '4:00 PM - 6:00 PM', 'BB-1', 'FLUID MECHANICS', 'MECHANICAL ENGINEERING', 'PND2', 'Ajetunmobi, D. T. Engr.', 1),
(3200, 'Tuesday', '4:00 PM - 6:00 PM', 'BE-4', 'ELECTRICAL POWER II', 'ELECTRICAL ENGINEERING', 'ND2', 'Okeke, H. S.', 1),
(3201, 'Tuesday', '4:00 PM - 6:00 PM', 'AE-4', 'ENGINEERING MECHANICS(STATICS)', 'MECHANICAL ENGINEERING', 'ND1', 'Durojaiye, O. P. Dr.', 1),
(3202, 'Tuesday', '4:00 PM - 6:00 PM', 'AF-6', 'ELECTROMAGNETIC FIELD THEORY', 'ELECTRICAL ENGINEERING', 'HND2', 'Aiyelabowo, O. P. Engr. Dr.', 1),
(3203, 'Tuesday', '4:00 PM - 6:00 PM', 'AG-4', 'FLUID MECHANICS', 'MECHANICAL ENGINEERING', 'ND2', 'Ajetunmobi, D. T. Engr.', 1),
(3204, 'Tuesday', '4:00 PM - 6:00 PM', 'BB-3', 'USE OF ENGLISH', 'WELDERING & FABRICATION ENGINEERING', 'ND1', 'Jaiyeoba, O. O. Mrs.', 1),
(3205, 'Tuesday', '4:00 PM - 6:00 PM', 'BF-3', 'INDUSTRIAL WORK EXPERIENCE (IN PLANT TRAINING)', 'MECHATRONICS ENGINEERING', 'ND2', 'Okeze, R. C. Mrs.', 1),
(3206, 'Tuesday', '4:00 PM - 6:00 PM', 'AF-3', 'TECHNICAL DRAWING', 'MECHANICAL ENGINEERING', 'ND1', 'Evavoawe, F. O.', 1),
(3207, 'Tuesday', '4:00 PM - 6:00 PM', 'BE-3', 'CALCULUS', 'WELDERING & FABRICATION ENGINEERING', 'ND2', 'Akanbi, O. O.', 1),
(3208, 'Tuesday', '4:00 PM - 6:00 PM', 'BB-2', 'CIVIL ENGINEERING CONSTRUCTION I', 'CIVIL ENGINEERING', 'ND1', 'Ayegbusi, O. A. Mrs.', 1),
(3209, 'Tuesday', '4:00 PM - 6:00 PM', 'BE-5', 'FOUNDRY TECH. & FORGING OPERATIONS', 'MECHANICAL ENGINEERING', 'ND2', 'Joseph, E. A. Engr.', 1),
(3210, 'Tuesday', '4:00 PM - 6:00 PM', 'AE-2', 'ELECTRICAL MEASUREMENT & CONTROL III', 'ELECTRICAL ENGINEERING', 'HND1', 'Adetona, Z. A. Engr.', 1),
(3211, 'Tuesday', '12:00 PM - 2:00 PM', 'BA-4', 'USE OF ENGLISH I', 'CIVIL ENGINEERING', 'PND1', 'Abioye, G. A.', 1),
(3212, 'Tuesday', '12:00 PM - 2:00 PM', 'BD-4', 'COMPUTER APPLICATION PACKAGES', 'Computer Engineering', 'ND1', 'Ogunyinka, O. I.', 1),
(3213, 'Tuesday', '12:00 PM - 2:00 PM', 'BF-2', 'TECHNICAL DRAWING I', 'MECHATRONICS ENGINEERING', 'ND1', 'Adeleye, A. D.', 1),
(3214, 'Tuesday', '12:00 PM - 2:00 PM', 'BD-5', 'GENERAL MATHEMATICS', 'Computer Engineering', 'PND1', 'Olasina, J. R. Engr.', 1),
(3215, 'Tuesday', '12:00 PM - 2:00 PM', 'BA-5', 'CIVIL ENGINEERING DRAWING I', 'CIVIL ENGINEERING', 'PND2', 'Oderinde, S. A.', 1),
(3216, 'Tuesday', '12:00 PM - 2:00 PM', 'AG-5', 'BASIC WORKSHP TECHNOLOG& PRACTICE', 'MECHANICAL ENGINEERING', 'PND1', 'Fasasi, T. A. Engr.', 1),
(3217, 'Tuesday', '12:00 PM - 2:00 PM', 'BB-6', 'FRENCH FOR TECHNICAL PURPOSES I', 'AGRIC AND BIO-ENVIRONMENTAL ENGINEERING', 'HND2', 'Fasakin, C. D.', 1),
(3218, 'Tuesday', '12:00 PM - 2:00 PM', 'BE-6', 'GENERAL ENGINEERING MATHEMATICS ', 'MECHANICAL ENGINEERING', 'PND1', 'Aboloje, A. C.', 1),
(3219, 'Tuesday', '12:00 PM - 2:00 PM', 'BC-5', 'CALCULUS', 'MECHANICAL ENGINEERING', 'ND2', 'Sikiru, O. A.', 1),
(3220, 'Tuesday', '12:00 PM - 2:00 PM', 'AE-6', 'FARM WASTE MANAGEMENT', 'AGRIC AND BIO-ENVIRONMENTAL ENGINEERING', 'HND2', 'Akinpelu, O. O.', 1),
(3221, 'Tuesday', '12:00 PM - 2:00 PM', 'AG-3', 'GENERAL ENGINEERING MATHEMATICS', 'WELDERING & FABRICATION ENGINEERING', 'ND1', 'Sunday, B. D.', 1),
(3222, 'Tuesday', '12:00 PM - 2:00 PM', 'AG-1', 'TECHNICAL DRAWING (GEOMETRICAL CONSTRUCTION)', 'MECHANICAL ENGINEERING', 'PND1', 'Evavoawe, F. O.', 1),
(3223, 'Tuesday', '12:00 PM - 2:00 PM', 'AG-2', 'ELECTRICAL ENGINEERING SCIENCE I', 'MECHATRONICS ENGINEERING', 'ND1', 'Aiyelabowo, O. P. Engr. Dr.', 1),
(3224, 'Tuesday', '12:00 PM - 2:00 PM', 'BD-6', 'FOUNDATION DESIGN', 'CIVIL ENGINEERING', 'HND2', 'Olarewaju, A. J. Dr.', 1),
(3225, 'Tuesday', '12:00 PM - 2:00 PM', 'BA-1', 'ENGINEERING DRAWING I', 'MECHANICAL ENGINEERING', 'PND2', 'Adeleye, A. D.', 1),
(3226, 'Tuesday', '12:00 PM - 2:00 PM', 'BF-5', 'CITIZENSHIP EDUCATION I', 'WELDERING & FABRICATION ENGINEERING', 'ND1', 'Fasakin, C. D.', 1),
(3227, 'Tuesday', '12:00 PM - 2:00 PM', 'AF-1', 'PRINCIPLES & TECHNIQUES OF VEHICLE DRIVING', 'AGRIC AND BIO-ENVIRONMENTAL ENGINEERING', 'HND2', 'Salako, F. O.', 1),
(3228, 'Tuesday', '12:00 PM - 2:00 PM', 'BC-2', 'ELECTRICAL WORKSHOP PRACTICE I', 'Computer Engineering', 'PND2', 'Olasina, J. R. Engr.', 1),
(3229, 'Tuesday', '12:00 PM - 2:00 PM', 'BA-6', 'ENGINEERING SURVEY II', 'CIVIL ENGINEERING', 'HND1', 'Oduwole, A. S.', 1),
(3230, 'Tuesday', '12:00 PM - 2:00 PM', 'BC-1', 'ELECTRICAL ENGINEERING SCIENCE II', 'ELECTRICAL ENGINEERING', 'ND1', 'Bitrus, B. I.', 1),
(3231, 'Tuesday', '12:00 PM - 2:00 PM', 'AE-1', 'ELECTRICAL CIRCUIT THEORY I', 'Computer Engineering', 'PND2', 'Ojo, B. A. Engr.', 1),
(3232, 'Tuesday', '12:00 PM - 2:00 PM', 'AF-5', 'GENERAL ENGINEERING MATHEMATICS', 'CIVIL ENGINEERING', 'PND1', 'Oduwole, A. S.', 1),
(3233, 'Tuesday', '12:00 PM - 2:00 PM', 'AE-5', 'INTRODUCTION TO COMPUTER & INFO TECHNOLOGY', 'Computer Engineering', 'ND1', 'Adamu, A. D.', 1),
(3234, 'Tuesday', '12:00 PM - 2:00 PM', 'BA-2', 'MICRO COMPUTER FUNDAMENTALS II', 'Computer Engineering', 'ND2', 'Eze, B. E. Engr. (Mrs.)', 1),
(3235, 'Tuesday', '12:00 PM - 2:00 PM', 'BD-3', 'BASIC WORKSHOP & TECHNOLOGY PRACTICE', 'ELECTRICAL ENGINEERING', 'PND1', 'Ibrahim, G. W. Engr.', 1),
(3236, 'Tuesday', '12:00 PM - 2:00 PM', 'AF-2', 'LOGIC & LINEAR ALGEBRA', 'ELECTRICAL ENGINEERING', 'ND1', 'Durojaiye, O. P. Dr.', 1),
(3237, 'Tuesday', '12:00 PM - 2:00 PM', 'AE-3', 'ELECTRICAL POWER II', 'ELECTRICAL ENGINEERING', 'PND2', 'Okeke, H. S.', 1),
(3238, 'Tuesday', '12:00 PM - 2:00 PM', 'BE-1', 'CONSTRUCTION TECHNOLOGY', 'CIVIL ENGINEERING', 'HND1', 'Lawal, A. N.', 1),
(3239, 'Tuesday', '12:00 PM - 2:00 PM', 'BF-6', 'ENTREPRENEURSHIP DEVELOPMENT I', 'ELECTRICAL ENGINEERING', 'HND1', 'Ogunyemi, O. J. Engr.', 1),
(3240, 'Tuesday', '12:00 PM - 2:00 PM', 'BF-4', 'CONTROL ENGINEERING II', 'Computer Engineering', 'HND2', 'Afunlehin, O. A.', 1),
(3241, 'Tuesday', '12:00 PM - 2:00 PM', 'BD-1', 'HYDROGEOLOGY', 'CIVIL ENGINEERING', 'ND2', 'Omopariola, S. S. Engr.', 1),
(3242, 'Tuesday', '12:00 PM - 2:00 PM', 'BA-3', 'NUMERICAL METHOD IN ENGINEERING ', 'ELECTRICAL ENGINEERING', 'HND2', 'Akanbi, O. O.', 1),
(3243, 'Tuesday', '12:00 PM - 2:00 PM', 'BB-5', 'TRACTOR OPERATION AND MAINTENANCE', 'AGRIC AND BIO-ENVIRONMENTAL ENGINEERING', 'ND1', 'Enemaku, L. E. Engr.', 1),
(3244, 'Tuesday', '12:00 PM - 2:00 PM', 'BB-4', 'INTRODUCTION TO SOIL SCIENCE', 'AGRIC AND BIO-ENVIRONMENTAL ENGINEERING', 'ND1', 'Okparavero, O. O. Miss', 1),
(3245, 'Tuesday', '12:00 PM - 2:00 PM', 'BC-4', 'FLUID MECHANICS', 'MECHANICAL ENGINEERING', 'ND2', 'Ajetunmobi, D. T. Engr.', 1),
(3246, 'Tuesday', '12:00 PM - 2:00 PM', 'BC-3', 'NUMERICAL METHODS', 'MECHANICAL ENGINEERING', 'HND2', 'Akanbi, O. O.', 1),
(3247, 'Tuesday', '12:00 PM - 2:00 PM', 'BE-2', 'USE OF ENGLISH I ', 'MECHANICAL ENGINEERING', 'PND1', 'Dawodu, H. O.', 1),
(3248, 'Tuesday', '12:00 PM - 2:00 PM', 'AF-4', 'ENGINEERING DRAWING I', 'MECHANICAL ENGINEERING', 'PND2', 'Adeleye, A. D.', 1),
(3249, 'Tuesday', '12:00 PM - 2:00 PM', 'BF-1', 'PRINCIPLES OF CROP PRODUCTION', 'AGRIC AND BIO-ENVIRONMENTAL ENGINEERING', 'ND1', 'Okparavero, O. O. Miss', 1),
(3250, 'Tuesday', '12:00 PM - 2:00 PM', 'BC-6', 'COMPUTER PROGRAMMING', 'MECHANICAL ENGINEERING', 'HND1', 'Onwuasoanya, N. C.', 1),
(3251, 'Tuesday', '12:00 PM - 2:00 PM', 'BD-2', 'ELECTRICAL GRAPHICS', 'ELECTRICAL ENGINEERING', 'PND1', 'Olowofela, S. S. Engr.', 1),
(3252, 'Tuesday', '12:00 PM - 2:00 PM', 'BB-1', 'ELECTRONICS', 'Computer Engineering', 'ND2', 'Mathew, T. O. Engr.', 1),
(3253, 'Tuesday', '12:00 PM - 2:00 PM', 'BE-4', 'ELECTRONICS II', 'ELECTRICAL ENGINEERING', 'ND2', 'Mathew, T. O. Engr.', 1),
(3254, 'Tuesday', '12:00 PM - 2:00 PM', 'AE-4', 'COMPUTER TECHNOLOGY', 'Computer Engineering', 'HND2', 'Olayiwola, J. O. Mrs.', 1),
(3255, 'Tuesday', '12:00 PM - 2:00 PM', 'AF-6', 'FLUID MECHANICS', 'WELDERING & FABRICATION ENGINEERING', 'ND2', 'Sanni, E. O.', 1),
(3256, 'Tuesday', '12:00 PM - 2:00 PM', 'AG-4', 'ELECTRIC CIRCUIT THEORY I', 'ELECTRICAL ENGINEERING', 'ND2', 'Okeke, H. S.', 1),
(3257, 'Tuesday', '12:00 PM - 2:00 PM', 'BB-3', 'USE OF ENGLISH I', 'CIVIL ENGINEERING', 'ND1', 'Alu, A. N. Miss', 1),
(3258, 'Tuesday', '12:00 PM - 2:00 PM', 'BF-3', 'ELECTROMAGNETIC FIELD THEORY', 'ELECTRICAL ENGINEERING', 'HND2', 'Aiyelabowo, O. P. Engr. Dr.', 1),
(3259, 'Tuesday', '12:00 PM - 2:00 PM', 'AF-3', 'INTRODUCTION TO COMPUTING', 'AGRIC AND BIO-ENVIRONMENTAL ENGINEERING', 'ND1', 'Sodeinde, V. O.', 1),
(3260, 'Tuesday', '12:00 PM - 2:00 PM', 'BE-3', 'USE OF ENGLISH III', 'MECHANICAL ENGINEERING', 'HND1', 'Ajibola, W. A. Engr.', 1),
(3261, 'Tuesday', '12:00 PM - 2:00 PM', 'BB-2', 'ELECTRICAL CIRCUIT THEORY I', 'ELECTRICAL ENGINEERING', 'PND2', 'Omolola, A. S. Engr.', 1),
(3262, 'Tuesday', '12:00 PM - 2:00 PM', 'BE-5', 'CALCULUS', 'Computer Engineering', 'ND2', 'Sikiru, O. A.', 1),
(3263, 'Tuesday', '12:00 PM - 2:00 PM', 'AE-2', 'USE OF ENGLISH II', 'CIVIL ENGINEERING', 'ND2', 'Abioye, G. A.', 1),
(3264, 'Tuesday', '10:00 AM - 12:00 PM', 'BA-4', 'LOGI AND LINEAR ALGEBRA I', 'CIVIL ENGINEERING', 'ND1', 'Sikiru, O. A.', 1),
(3265, 'Tuesday', '10:00 AM - 12:00 PM', 'BD-4', 'MICROPROCESSOR APPLICATIONS', 'ELECTRICAL ENGINEERING', 'HND2', 'Udoh, U. J.', 1),
(3266, 'Tuesday', '10:00 AM - 12:00 PM', 'BF-2', 'ELECTRICAL ENGINEERING SCIENCE II', 'MECHANICAL ENGINEERING', 'ND2', 'Mbamaluikem, P. O.', 1),
(3267, 'Tuesday', '10:00 AM - 12:00 PM', 'BD-5', 'NUMERICAL METHOD IN ENGINEERING', 'CIVIL ENGINEERING', 'HND2', 'Akanbi, O. O.', 1),
(3268, 'Tuesday', '10:00 AM - 12:00 PM', 'BA-5', 'CITIZENSHIP EDUCATION I', 'CIVIL ENGINEERING', 'ND1', 'Oderinde, S. A.', 1),
(3269, 'Tuesday', '10:00 AM - 12:00 PM', 'AG-5', 'CITIZENSHIP EDUCATION I', 'MECHATRONICS ENGINEERING', 'ND1', 'Adeoye, K. T. Mrs.', 1),
(3270, 'Tuesday', '10:00 AM - 12:00 PM', 'BB-6', 'COMPUTER PACKAGES ', 'ELECTRICAL ENGINEERING', 'HND1', 'Uduak, E.', 1),
(3271, 'Tuesday', '10:00 AM - 12:00 PM', 'BE-6', 'TECHNICAL DRAWING  I', 'Computer Engineering', 'PND1', 'Adeleye, A. D.', 1),
(3272, 'Tuesday', '10:00 AM - 12:00 PM', 'BC-5', 'ENGINEERING IN SOCIETY', 'Computer Engineering', 'HND1', 'Akingbade, L. O. Mrs.', 1),
(3273, 'Tuesday', '10:00 AM - 12:00 PM', 'AE-6', 'CITIZENSHIP EDUCATION I', 'CIVIL ENGINEERING', 'PND1', 'Alugbele, O. A. Mrs.', 1),
(3274, 'Tuesday', '10:00 AM - 12:00 PM', 'AG-3', 'FOUNDRY TECH. & PRACTISE', 'WELDERING & FABRICATION ENGINEERING', 'ND2', 'Sunday, B. D.', 1),
(3275, 'Tuesday', '10:00 AM - 12:00 PM', 'AG-1', 'ENGINEER IN SOCIETY', 'CIVIL ENGINEERING', 'HND1', 'Fagbuaro, O. E.', 1),
(3276, 'Tuesday', '10:00 AM - 12:00 PM', 'AG-2', 'MECHANICAL EQUIPMENT IN BUILDING', 'MECHANICAL ENGINEERING', 'HND2', 'Adetunji, O. A.', 1),
(3277, 'Tuesday', '10:00 AM - 12:00 PM', 'BD-6', 'USE OF ENGLISH', 'Computer Engineering', 'ND2', 'Edun, O. M. Mrs.', 1),
(3278, 'Tuesday', '10:00 AM - 12:00 PM', 'BA-1', 'ELECTRICAL POWER & MACHINES ', 'MECHANICAL ENGINEERING', 'HND2', 'Mbamaluikem, P. O.', 1),
(3279, 'Tuesday', '10:00 AM - 12:00 PM', 'BF-5', 'CIVIL ENGINEERING CONSTRUCTION III', 'CIVIL ENGINEERING', 'PND2', 'Oderinde, S. A.', 1),
(3280, 'Tuesday', '10:00 AM - 12:00 PM', 'AF-1', 'ELECTRIC CIRCUIT THEORY III', 'ELECTRICAL ENGINEERING', 'HND1', 'Okeke, H. S.', 1),
(3281, 'Tuesday', '10:00 AM - 12:00 PM', 'BC-2', 'CIVIL ENGINEERING DRAWING I', 'CIVIL ENGINEERING', 'ND2', 'Soyemi, O. B. Engr. (Dr.)', 1),
(3282, 'Tuesday', '10:00 AM - 12:00 PM', 'BA-6', 'TECHNICAL REPORT WRITING', 'CIVIL ENGINEERING', 'PND2', 'Olarewaju, A. J. Dr.', 1),
(3283, 'Tuesday', '10:00 AM - 12:00 PM', 'BC-1', 'TECHNICAL DRAWING I (GEOMETRY CONSTRUCTION)', 'AGRIC AND BIO-ENVIRONMENTAL ENGINEERING', 'ND1', 'Ogunlade, C. B. Engr.', 1),
(3284, 'Tuesday', '10:00 AM - 12:00 PM', 'AE-1', 'HYDRAULICS', 'CIVIL ENGINEERING', 'HND1', 'Adeala, A. J. Engr.', 1),
(3285, 'Tuesday', '10:00 AM - 12:00 PM', 'AF-5', 'ELECTRICAL WORKSHOP PRACTICE & TECHNOLOGY', 'Computer Engineering', 'PND1', 'Suleiman, A. D.', 1),
(3286, 'Tuesday', '10:00 AM - 12:00 PM', 'AE-5', 'WELDING METAULLURGY II', 'WELDERING & FABRICATION ENGINEERING', 'ND2', 'Oluigbo, C. V.', 1),
(3287, 'Tuesday', '10:00 AM - 12:00 PM', 'BA-2', 'ELECTRICAL ENGINEERING SCIENCE II', 'MECHANICAL ENGINEERING', 'PND2', 'Mbamaluikem, P. O.', 1),
(3288, 'Tuesday', '10:00 AM - 12:00 PM', 'BD-3', 'ELCTRICAL WORKSHOP PRACTICE  & TECHNOLOGY', 'Computer Engineering', 'ND1', 'Suleiman, A. D.', 1),
(3289, 'Tuesday', '10:00 AM - 12:00 PM', 'AF-2', 'COMPUTER PROGRAMMING IN C& C++', 'Computer Engineering', 'HND1', 'Onwuasoanya, N. C.', 1),
(3290, 'Tuesday', '10:00 AM - 12:00 PM', 'AE-3', 'USE OF ENGLISH I', 'MECHANICAL ENGINEERING', 'ND1', 'Edun, O. M. Mrs.', 1),
(3291, 'Tuesday', '10:00 AM - 12:00 PM', 'BE-1', 'ELECTRONIC MEASUREMENT & CONTROL IV', 'ELECTRICAL ENGINEERING', 'HND2', 'Abdulhamid, I. G.', 1),
(3292, 'Tuesday', '10:00 AM - 12:00 PM', 'BF-6', 'ADVANCED ALGEBRA', 'ELECTRICAL ENGINEERING', 'HND1', 'Fatunmbi, E. O. Dr.', 1),
(3293, 'Tuesday', '10:00 AM - 12:00 PM', 'BF-4', 'ENGINEERING SURVEY I', 'CIVIL ENGINEERING', 'PND2', 'Adedokun, A. M. Surv.', 1),
(3294, 'Tuesday', '10:00 AM - 12:00 PM', 'BD-1', 'CIVIL ENGINEERING QUANTITIES AND SPECS', 'CIVIL ENGINEERING', 'HND1', 'Olarewaju, A. J. Dr.', 1),
(3295, 'Tuesday', '10:00 AM - 12:00 PM', 'BA-3', 'ENGINEERING MEASUREMENT', 'WELDERING & FABRICATION ENGINEERING', 'ND2', 'Aboloje, A. C.', 1),
(3296, 'Tuesday', '10:00 AM - 12:00 PM', 'BB-5', 'LOGIC AND LINEAR ALGEBRA', 'MECHANICAL ENGINEERING', 'PND1', 'Okoro, N. O.', 1),
(3297, 'Tuesday', '10:00 AM - 12:00 PM', 'BB-4', 'SOFTWARE ENGINEERING', 'Computer Engineering', 'HND2', 'Olayiwola, J. O. Mrs.', 1),
(3298, 'Tuesday', '10:00 AM - 12:00 PM', 'BC-4', 'INTRODUCTION TO COMPUTING', 'ELECTRICAL ENGINEERING', 'PND1', 'Akinbola, S. M. Mrs.', 1),
(3299, 'Tuesday', '10:00 AM - 12:00 PM', 'BC-3', 'ENGINEERING DESIGN', 'MECHANICAL ENGINEERING', 'HND1', 'Ibrahim, G. W. Engr.', 1),
(3300, 'Tuesday', '10:00 AM - 12:00 PM', 'BE-2', 'USE OF ENGLISH II', 'MECHANICAL ENGINEERING', 'ND2', 'Edun, O. M. Mrs.', 1),
(3301, 'Tuesday', '10:00 AM - 12:00 PM', 'AF-4', 'FLUID MECHANICS', 'AGRIC AND BIO-ENVIRONMENTAL ENGINEERING', 'ND2', 'Akintade, J. O. Engr.', 1),
(3302, 'Tuesday', '10:00 AM - 12:00 PM', 'BF-1', 'FRENCH FOR TECHNICAL PURPOSE I', 'CIVIL ENGINEERING', 'HND2', 'Phillips, O. O.', 1),
(3303, 'Tuesday', '10:00 AM - 12:00 PM', 'BC-6', 'LIVESTOCK FARM MECHANIZATION', 'AGRIC AND BIO-ENVIRONMENTAL ENGINEERING', 'HND2', 'Enemaku, L. E. Engr.', 1),
(3304, 'Tuesday', '10:00 AM - 12:00 PM', 'BD-2', 'BASIC WORKSHOP PRACTICE', 'WELDERING & FABRICATION ENGINEERING', 'ND1', 'Ajibose, T. S.', 1),
(3305, 'Tuesday', '10:00 AM - 12:00 PM', 'BB-1', 'CROP PROTECTION AND HARVESTING MACHINERY', 'AGRIC AND BIO-ENVIRONMENTAL ENGINEERING', 'HND2', 'Akinpelu, O. O.', 1),
(3306, 'Tuesday', '10:00 AM - 12:00 PM', 'BE-4', 'HYDRAULICS AND HYDROLOGY', 'CIVIL ENGINEERING', 'ND2', 'Sekoni, R. T.', 1),
(3307, 'Tuesday', '10:00 AM - 12:00 PM', 'AE-4', 'CALCULUS	', 'AGRIC AND BIO-ENVIRONMENTAL ENGINEERING', 'ND2', 'Badru, J. O.', 1),
(3308, 'Tuesday', '10:00 AM - 12:00 PM', 'AF-6', 'INTRODUCTION TO VISUAL BASIC PROGRAMMING ', 'Computer Engineering', 'ND2', 'Adaramola, O. J. Engr.', 1),
(3309, 'Tuesday', '10:00 AM - 12:00 PM', 'AG-4', 'TELECOMMUNICATION ENGINEERING II ', 'Computer Engineering', 'HND1', 'Suleiman, A. D.', 1),
(3310, 'Tuesday', '10:00 AM - 12:00 PM', 'BB-3', 'ANALOGUE ELECTRONICS III', 'ELECTRICAL ENGINEERING', 'HND1', 'Evavoawe, F. O.', 1),
(3311, 'Tuesday', '10:00 AM - 12:00 PM', 'BF-3', 'COMPUTER HARDWARE I', 'ELECTRICAL ENGINEERING', 'ND1', 'Aliu, O. H.', 1),
(3312, 'Tuesday', '10:00 AM - 12:00 PM', 'AF-3', 'ENGINEERING MECHANICS(STATICS)', 'MECHANICAL ENGINEERING', 'ND1', 'Raji, O. K. Engr. (Mrs.)', 1),
(3313, 'Tuesday', '10:00 AM - 12:00 PM', 'BE-3', 'INTRODUCTION TO COMPUTING', 'MECHANICAL ENGINEERING', 'ND1', 'Buoye, A. P.', 1),
(3314, 'Tuesday', '10:00 AM - 12:00 PM', 'BB-2', 'COMPUTER HARDWARE I', 'ELECTRICAL ENGINEERING', 'PND1', 'Alausa, W. S. Engr.', 1),
(3315, 'Tuesday', '10:00 AM - 12:00 PM', 'BE-5', 'ENGINEERING MECHANICS I (STATICS)	', 'MECHATRONICS ENGINEERING', 'ND1', 'Ajetunmobi, D. T. Engr.', 1),
(3316, 'Tuesday', '10:00 AM - 12:00 PM', 'AE-2', 'WORKSHOP TECHNOLOGY I', 'CIVIL ENGINEERING', 'ND1', 'Yinusa, A. A.', 1),
(3317, 'Tuesday', '2:00 PM - 4:00 PM', 'BA-4', 'FARM ELECTRIFICATION', 'AGRIC AND BIO-ENVIRONMENTAL ENGINEERING', 'ND2', 'Okusanya, M. A. Engr.', 1),
(3318, 'Tuesday', '2:00 PM - 4:00 PM', 'BD-4', 'ELECTRIC CIRCUIT THEORY I', 'Computer Engineering', 'ND2', 'Ojo, B. A. Engr.', 1),
(3319, 'Tuesday', '2:00 PM - 4:00 PM', 'BF-2', 'ELECTRICAL ENGINEERING SCIENCE I', 'AGRIC AND BIO-ENVIRONMENTAL ENGINEERING', 'ND1', 'Bitrus, B. I.', 1),
(3320, 'Tuesday', '2:00 PM - 4:00 PM', 'BD-5', 'MECHANICS OF MACHINES', 'AGRIC AND BIO-ENVIRONMENTAL ENGINEERING', 'HND1', 'Adenigba, A. A. Engr.', 1),
(3321, 'Tuesday', '2:00 PM - 4:00 PM', 'BA-5', 'CALCULUS', 'ELECTRICAL ENGINEERING', 'PND2', 'Adekanmbi, A. Y.', 1),
(3322, 'Tuesday', '2:00 PM - 4:00 PM', 'AG-5', 'ELECTRICAL & ELECTRONICS INSTRUMENT II	', 'ELECTRICAL ENGINEERING', 'PND2', 'Abdulhamid, I. G.', 1),
(3323, 'Tuesday', '2:00 PM - 4:00 PM', 'BB-6', 'INTRODUCTION TO COMPUTING', 'CIVIL ENGINEERING', 'ND1', 'Buoye, A. P.', 1),
(3324, 'Tuesday', '2:00 PM - 4:00 PM', 'BE-6', 'CITIZENSHIP EDUCATION I', 'AGRIC AND BIO-ENVIRONMENTAL ENGINEERING', 'ND1', 'Oginni, I. M. Mrs.', 1),
(3325, 'Tuesday', '2:00 PM - 4:00 PM', 'BC-5', 'STRUCTURAL MECHANICS', 'CIVIL ENGINEERING', 'PND1', 'Odetunde, M. W.', 1),
(3326, 'Tuesday', '2:00 PM - 4:00 PM', 'AE-6', 'TECHNICAL REPORT WRITING I', 'MECHANICAL ENGINEERING', 'PND2', 'Adebesin, A. A. Engr.', 1),
(3327, 'Tuesday', '2:00 PM - 4:00 PM', 'AG-3', 'GENERAL ENGINEERING MATHEMATICS	', 'MECHATRONICS ENGINEERING', 'ND1', 'Abdulraheem, A. Y.', 1),
(3328, 'Tuesday', '2:00 PM - 4:00 PM', 'AG-1', 'WELDING TECHNOLOGY I', 'WELDERING & FABRICATION ENGINEERING', 'ND1', 'Onigbara, V. B.', 1),
(3329, 'Tuesday', '2:00 PM - 4:00 PM', 'AG-2', 'REFRIDGERATOR AND AIR CONDITIONING', 'MECHANICAL ENGINEERING', 'HND2', 'Adiyeloja, I. T. Engr.', 1),
(3330, 'Tuesday', '2:00 PM - 4:00 PM', 'BD-6', 'FLUID POWER MACHINES', 'MECHANICAL ENGINEERING', 'HND2', 'Raji, O. K. Engr. (Mrs.)', 1),
(3331, 'Tuesday', '2:00 PM - 4:00 PM', 'BA-1', 'USE OF ENGLISH', 'ELECTRICAL ENGINEERING', 'PND1', 'Alu, A. N. Miss', 1),
(3332, 'Tuesday', '2:00 PM - 4:00 PM', 'BF-5', 'AGRO CLIMATOLOGY', 'AGRIC AND BIO-ENVIRONMENTAL ENGINEERING', 'HND2', 'Ogunseitan, T. O.', 1),
(3333, 'Tuesday', '2:00 PM - 4:00 PM', 'AF-1', 'AGRICULTURAL MACHINE DRAWING ', 'AGRIC AND BIO-ENVIRONMENTAL ENGINEERING', 'HND1', 'Kosemani, B. S.', 1),
(3334, 'Tuesday', '2:00 PM - 4:00 PM', 'BC-2', 'ELECTRONICS II', 'Computer Engineering', 'PND2', 'Fagbuaro, O. E.', 1),
(3335, 'Tuesday', '2:00 PM - 4:00 PM', 'BA-6', 'ELECTRICAL ENGINEERING SCIENCE I', 'MECHANICAL ENGINEERING', 'ND1', 'Olabode, O. R.', 1),
(3336, 'Tuesday', '2:00 PM - 4:00 PM', 'BC-1', 'FRENCH FOR TECHNICAL PURPOSE I', 'Computer Engineering', 'HND2', 'Oyebolu, I. D. Mrs.', 1),
(3337, 'Tuesday', '2:00 PM - 4:00 PM', 'AE-1', 'LOGI AND LINEAR ALGEBRA I', 'CIVIL ENGINEERING', 'PND1', 'Shobanke, E. K.', 1),
(3338, 'Tuesday', '2:00 PM - 4:00 PM', 'AF-5', 'WELDING & FABRICATION TECHNOLOGY', 'MECHANICAL ENGINEERING', 'ND2', 'Ibrahim, G. W. Engr.', 1),
(3339, 'Tuesday', '2:00 PM - 4:00 PM', 'AE-5', 'LOGIC AND LINEAR ALGEBRA', 'AGRIC AND BIO-ENVIRONMENTAL ENGINEERING', 'ND1', 'Sikiru, O. A.', 1),
(3340, 'Tuesday', '2:00 PM - 4:00 PM', 'BA-2', 'ELECTRICAL ENGINEERING SCIENCE', 'ELECTRICAL ENGINEERING', 'ND1', 'Bitrus, B. I.', 1),
(3341, 'Tuesday', '2:00 PM - 4:00 PM', 'BD-3', 'INTRODUCTION TO ENTREPRENEURSHIP', 'CIVIL ENGINEERING', 'ND1', 'Sekoni, R. T.', 1),
(3342, 'Tuesday', '2:00 PM - 4:00 PM', 'AF-2', 'CALCULUS', 'Computer Engineering', 'PND2', 'Badru, J. O.', 1),
(3343, 'Tuesday', '2:00 PM - 4:00 PM', 'AE-3', 'LOGIC AND LINEAR ALGEBRA I', 'MECHATRONICS ENGINEERING', 'ND1', 'Badru, J. O.', 1),
(3344, 'Tuesday', '2:00 PM - 4:00 PM', 'BE-1', 'GENERAL ENGINEERING MATHEMATICS', 'AGRIC AND BIO-ENVIRONMENTAL ENGINEERING', 'ND1', 'Adenigba, A. A. Engr.', 1),
(3345, 'Tuesday', '2:00 PM - 4:00 PM', 'BF-6', 'INTRODUCTION TO AGRIC AND BIO-ENVIRONMENTAL ENGINEERING', 'AGRIC AND BIO-ENVIRONMENTAL ENGINEERING', 'ND1', 'Okusanya, M. A. Engr.', 1),
(3346, 'Tuesday', '2:00 PM - 4:00 PM', 'BF-4', 'CONTROL ENGINEERING I', 'ELECTRICAL ENGINEERING', 'HND1', 'Ogunyemi, O. J. Engr.', 1),
(3347, 'Tuesday', '2:00 PM - 4:00 PM', 'BD-1', 'CONCRETE TECHNOLOGY', 'CIVIL ENGINEERING', 'HND1', 'Sadiku, M. K. Bldr', 1),
(3348, 'Tuesday', '2:00 PM - 4:00 PM', 'BA-3', 'CALCULUS', 'ELECTRICAL ENGINEERING', 'ND2', 'Badru, J. O.', 1),
(3349, 'Tuesday', '2:00 PM - 4:00 PM', 'BB-5', 'LOGIC & LINEAR ALGEBRA I', 'Computer Engineering', 'PND1', 'Okoro, N. O.', 1),
(3350, 'Tuesday', '2:00 PM - 4:00 PM', 'BB-4', 'MATERIAL SCIENCE', 'WELDERING & FABRICATION ENGINEERING', 'ND1', 'Oluigbo, C. V.', 1),
(3351, 'Tuesday', '2:00 PM - 4:00 PM', 'BC-4', 'BASIC WORKSHOP & TECHNOLOGY PRACTICE', 'ELECTRICAL ENGINEERING', 'ND1', 'Adetunji, O. A.', 1),
(3352, 'Tuesday', '2:00 PM - 4:00 PM', 'BC-3', 'FLUID MECHANICS', 'MECHANICAL ENGINEERING', 'PND2', 'Ajetunmobi, D. T. Engr.', 1),
(3353, 'Tuesday', '2:00 PM - 4:00 PM', 'BE-2', 'TECHNICAL DRAWING I	', 'CIVIL ENGINEERING', 'PND1', 'Soyemi, O. B. Engr. (Dr.)', 1),
(3354, 'Tuesday', '2:00 PM - 4:00 PM', 'AF-4', 'GENERAL MATHEMATICS', 'Computer Engineering', 'ND1', 'Olayiwola, J. O. Mrs.', 1),
(3355, 'Tuesday', '2:00 PM - 4:00 PM', 'BF-1', 'COMPUTER AIDED DESIGN & DRAFTING I', 'CIVIL ENGINEERING', 'HND1', 'Olaoye, J. O.', 1),
(3356, 'Tuesday', '2:00 PM - 4:00 PM', 'BC-6', 'ENGINEERING DRAWING I', 'MECHANICAL ENGINEERING', 'ND2', 'Adeleye, A. D.', 1),
(3357, 'Tuesday', '2:00 PM - 4:00 PM', 'BD-2', 'ENGINEERING DRAWING I', 'MECHANICAL ENGINEERING', 'PND2', 'Adeleye, A. D.', 1),
(3358, 'Tuesday', '2:00 PM - 4:00 PM', 'BB-1', 'ELECTRONIC DESIGN & DRAFTING', 'ELECTRICAL ENGINEERING', 'HND2', 'Adebanji, S. A.', 1),
(3359, 'Tuesday', '2:00 PM - 4:00 PM', 'BE-4', 'INTRODUCTION TO AGRIC AND BIO-ENVIRONMENTAL ENGINEERING', 'AGRIC AND BIO-ENVIRONMENTAL ENGINEERING', 'ND1', 'Okusanya, M. A. Engr.', 1),
(3360, 'Tuesday', '2:00 PM - 4:00 PM', 'AE-4', 'TECHNICAL DRAWING I', 'Computer Engineering', 'ND1', 'Adeleye, A. D.', 1),
(3361, 'Tuesday', '2:00 PM - 4:00 PM', 'AF-6', 'DIGITAL COMPUTER FUNDAMENTALS II', 'Computer Engineering', 'ND2', 'Adamu, A. D.', 1),
(3362, 'Tuesday', '2:00 PM - 4:00 PM', 'AG-4', 'USE OF ENGLISH II', 'MECHANICAL ENGINEERING', 'ND2', 'Edun, O. M. Mrs.', 1),
(3363, 'Tuesday', '2:00 PM - 4:00 PM', 'BB-3', 'DIGITAL COMMUNICATION II', 'ELECTRICAL ENGINEERING', 'HND2', 'Evavoawe, F. O.', 1),
(3364, 'Tuesday', '2:00 PM - 4:00 PM', 'BF-3', 'ELECTRICAL ENGINEERING SCIENCE I', 'ELECTRICAL ENGINEERING', 'PND1', 'Mathew, T. O. Engr.', 1),
(3365, 'Tuesday', '2:00 PM - 4:00 PM', 'AF-3', 'LOGIC & LINEAR ALGEBRA', 'ELECTRICAL ENGINEERING', 'PND1', 'Durojaiye, O. P. Dr.', 1),
(3366, 'Tuesday', '2:00 PM - 4:00 PM', 'BE-3', 'ELECTRICAL MACHINES II', 'ELECTRICAL ENGINEERING', 'ND2', 'Mbamaluikem, P. O.', 1),
(3367, 'Tuesday', '2:00 PM - 4:00 PM', 'BB-2', 'FARM WORKSHOP ORGANISATION AND MANAGEMENT', 'AGRIC AND BIO-ENVIRONMENTAL ENGINEERING', 'HND2', 'Agbongiaban, F. E.', 1),
(3368, 'Tuesday', '2:00 PM - 4:00 PM', 'BE-5', 'ELCTRICAL MEASUREMENT & INSTRUMENTATION II', 'Computer Engineering', 'HND1', 'Olaiya, O. O. Engr.', 1),
(3369, 'Tuesday', '2:00 PM - 4:00 PM', 'AE-2', 'TECHNICAL REPORT WRITING I', 'MECHANICAL ENGINEERING', 'ND2', 'Adebesin, A. A. Engr.', 1),
(3370, 'Wednesday', '8:00 AM - 10:00 AM', 'BA-4', 'INSTRUMENTATION & CONTROL', 'MECHANICAL ENGINEERING', 'HND1', 'Adetunji, O. A.', 1),
(3371, 'Wednesday', '8:00 AM - 10:00 AM', 'BD-4', 'PRINCIPLES & TECHNIQUES OF VEHICLE DRIVING', 'MECHANICAL ENGINEERING', 'ND2', 'Salako, F. O.', 1),
(3372, 'Wednesday', '8:00 AM - 10:00 AM', 'BF-2', 'MICROPROCESSOR & EMBEDDED SYSTEM', 'Computer Engineering', 'HND2', 'Olasina, J. R. Engr.', 1),
(3373, 'Wednesday', '8:00 AM - 10:00 AM', 'BD-5', 'MECHANICS OF MACHINES', 'MECHANICAL ENGINEERING', 'HND1', 'Idowu, T.', 1),
(3374, 'Wednesday', '8:00 AM - 10:00 AM', 'BA-5', 'ELECTRICAL & ELCTRONIC INSTRUMENT II', 'ELECTRICAL ENGINEERING', 'ND2', 'Abdulhamid, I. G.', 1),
(3375, 'Wednesday', '8:00 AM - 10:00 AM', 'AG-5', 'USE OF ENGLISH I', 'AGRIC AND BIO-ENVIRONMENTAL ENGINEERING', 'ND1', 'Ajayi, A. M. Miss', 1),
(3376, 'Wednesday', '8:00 AM - 10:00 AM', 'BB-6', 'SOIL MECHANICS II', 'CIVIL ENGINEERING', 'HND1', 'Oderinde, S. A.', 1),
(3377, 'Wednesday', '8:00 AM - 10:00 AM', 'BE-6', 'TECHNICAL DRAWING I	', 'CIVIL ENGINEERING', 'ND1', 'Soyemi, O. B. Engr. (Dr.)', 1),
(3378, 'Wednesday', '8:00 AM - 10:00 AM', 'BC-5', 'ELECTRONICS II', 'ELECTRICAL ENGINEERING', 'PND2', 'Mathew, T. O. Engr.', 1),
(3379, 'Wednesday', '8:00 AM - 10:00 AM', 'AE-6', 'THERMO FLUIDS	', 'MECHATRONICS ENGINEERING', 'ND1', 'Ajetunmobi, D. T. Engr.', 1),
(3380, 'Wednesday', '8:00 AM - 10:00 AM', 'AG-3', 'TECHNICAL REPORT WRITING', 'WELDERING & FABRICATION ENGINEERING', 'ND2', 'Onigbara, V. B.', 1),
(3381, 'Wednesday', '8:00 AM - 10:00 AM', 'AG-1', 'INTRODUCTION TO COMPUTER & IT', 'Computer Engineering', 'PND1', 'Adamu, A. D.', 1),
(3382, 'Wednesday', '8:00 AM - 10:00 AM', 'AG-2', 'SAFETY', 'AGRIC AND BIO-ENVIRONMENTAL ENGINEERING', 'HND1', 'Enemaku, L. E. Engr.', 1),
(3383, 'Wednesday', '8:00 AM - 10:00 AM', 'BD-6', 'TECHNICAL DRAWING(GEOMETRY CONSTR)', 'WELDERING & FABRICATION ENGINEERING', 'ND1', 'Evavoawe, F. O.', 1),
(3384, 'Wednesday', '8:00 AM - 10:00 AM', 'BA-1', 'ENGINEERING DRAWING I', 'WELDERING & FABRICATION ENGINEERING', 'ND2', 'Evavoawe, F. O.', 1),
(3385, 'Wednesday', '8:00 AM - 10:00 AM', 'BF-5', 'INTRODUCTION TO ELECTRICAL MACHINES AND INSTALLATION', 'WELDERING & FABRICATION ENGINEERING', 'ND1', 'Mosaku, A. O.', 1),
(3386, 'Wednesday', '8:00 AM - 10:00 AM', 'AF-1', 'LOGIC & LINEAR ALGEBRA', 'WELDERING & FABRICATION ENGINEERING', 'ND1', 'Badru, J. O.', 1),
(3387, 'Wednesday', '8:00 AM - 10:00 AM', 'BC-2', 'TELECOMMUNICATION ENGINEERING II', 'ELECTRICAL ENGINEERING', 'PND2', 'Aiyelabowo, O. P. Engr. Dr.', 1),
(3388, 'Wednesday', '8:00 AM - 10:00 AM', 'BA-6', 'ADVANCED ALGEBRA', 'AGRIC AND BIO-ENVIRONMENTAL ENGINEERING', 'HND1', 'Fatunmbi, E. O. Dr.', 1),
(3389, 'Wednesday', '8:00 AM - 10:00 AM', 'BC-1', 'STRESS  ANALYSIS', 'MECHANICAL ENGINEERING', 'HND1', 'Odunlami, S. A. Dr. Engr.', 1),
(3390, 'Wednesday', '8:00 AM - 10:00 AM', 'AE-1', 'TECHNICAL REPORT WRITING', 'AGRIC AND BIO-ENVIRONMENTAL ENGINEERING', 'ND2', 'Adenigba, A. A. Engr.', 1),
(3391, 'Wednesday', '8:00 AM - 10:00 AM', 'AF-5', 'CITIZENSHIP EDUCATION I', 'Computer Engineering', 'PND1', 'Yusuf, S. O. Mrs.', 1),
(3392, 'Wednesday', '8:00 AM - 10:00 AM', 'AE-5', 'HYDRAULIC STRUCTURES', 'CIVIL ENGINEERING', 'HND2', 'Soyemi, O. B. Engr. (Dr.)', 1),
(3393, 'Wednesday', '8:00 AM - 10:00 AM', 'BA-2', 'ENGINEER IN SOCIETY', 'ELECTRICAL ENGINEERING', 'HND1', 'Ojo, B. A. Engr.', 1),
(3394, 'Wednesday', '8:00 AM - 10:00 AM', 'BD-3', 'THERMODYNAMICS II	', 'AGRIC AND BIO-ENVIRONMENTAL ENGINEERING', 'ND2', 'Aboloje, A. C.', 1),
(3395, 'Wednesday', '8:00 AM - 10:00 AM', 'AF-2', 'ENGINEERING MEASUREMENT ', 'MECHANICAL ENGINEERING', 'PND2', 'Babarinde, B. F. Engr.', 1),
(3396, 'Wednesday', '8:00 AM - 10:00 AM', 'AE-3', 'DATA COMMUNICATION & COMPUTER NETWORK', 'Computer Engineering', 'HND2', 'Olasina, J. R. Engr.', 1),
(3397, 'Wednesday', '8:00 AM - 10:00 AM', 'BE-1', 'INTRODUCTION TO FLUID MECHANICS', 'CIVIL ENGINEERING', 'ND1', 'Adeala, A. J. Engr.', 1),
(3398, 'Wednesday', '8:00 AM - 10:00 AM', 'BF-6', 'ELECTRICAL ENGINEERING SCIENCE  I', 'Computer Engineering', 'PND1', 'Akintola O. M.', 1),
(3399, 'Wednesday', '8:00 AM - 10:00 AM', 'BF-4', 'COMPUTER APPLICATION PACKAGES', 'Computer Engineering', 'PND1', 'Ogunyinka, O. I.', 1),
(3400, 'Wednesday', '8:00 AM - 10:00 AM', 'BD-1', 'USE OF ENGLISH', 'ELECTRICAL ENGINEERING', 'ND1', 'Olatunji, O. M. Mrs.', 1),
(3401, 'Wednesday', '8:00 AM - 10:00 AM', 'BA-3', 'MACHINE ELEMENT DESIGN I', 'MECHANICAL ENGINEERING', 'HND1', 'Ibrahim, G. W. Engr.', 1),
(3402, 'Wednesday', '8:00 AM - 10:00 AM', 'BB-5', 'INTRODUCTION TO APPLICATION OF RENEWABLE ENERGY ', 'ELECTRICAL ENGINEERING', 'HND1', 'Mbamaluikem, P. O.', 1),
(3403, 'Wednesday', '8:00 AM - 10:00 AM', 'BB-4', 'OPERATIONS MANGEMENT', 'MECHANICAL ENGINEERING', 'HND2', 'Adiyeloja, I. T. Engr.', 1),
(3404, 'Wednesday', '8:00 AM - 10:00 AM', 'BC-4', 'THEORY OF STRUCTURES I', 'CIVIL ENGINEERING', 'ND2', 'Adeala, A. J. Engr.', 1),
(3405, 'Wednesday', '8:00 AM - 10:00 AM', 'BC-3', 'ADVANCED ALGEBRA	', 'MECHANICAL ENGINEERING', 'HND1', 'Fatunmbi, E. O. Dr.', 1),
(3406, 'Wednesday', '8:00 AM - 10:00 AM', 'BE-2', 'ELECTRICAL ENGINEERING SCIENCE II', 'MECHANICAL ENGINEERING', 'ND2', 'Mbamaluikem, P. O.', 1),
(3407, 'Wednesday', '8:00 AM - 10:00 AM', 'AF-4', 'FLUID MECHANICS', 'MECHANICAL ENGINEERING', 'ND2', 'Ajetunmobi, D. T. Engr.', 1),
(3408, 'Wednesday', '8:00 AM - 10:00 AM', 'BF-1', 'FARM MACHINERY & MECHANIZATION II', 'AGRIC AND BIO-ENVIRONMENTAL ENGINEERING', 'ND2', 'Okusanya, M. A. Engr.', 1),
(3409, 'Wednesday', '8:00 AM - 10:00 AM', 'BC-6', 'ELECTRICAL ENGINEERING SCIENCE I', 'Computer Engineering', 'ND1', 'Fagbuaro, O. E.', 1),
(3410, 'Wednesday', '8:00 AM - 10:00 AM', 'BD-2', 'ENGINEERING DRAWING', 'AGRIC AND BIO-ENVIRONMENTAL ENGINEERING', 'ND2', 'Ogunlade, C. B. Engr.', 1),
(3411, 'Wednesday', '8:00 AM - 10:00 AM', 'BB-1', 'ELECTRICAL MEASUREMENT & INSTRUMENTATION ', 'Computer Engineering', 'PND2', 'Olaiya, O. O. Engr.', 1),
(3412, 'Wednesday', '8:00 AM - 10:00 AM', 'BE-4', 'OPERATING SYSTEM II', 'Computer Engineering', 'HND1', 'Olaiya, O. O. Engr.', 1),
(3413, 'Wednesday', '8:00 AM - 10:00 AM', 'AE-4', 'ENGINEERING MEASUREMENT ', 'MECHANICAL ENGINEERING', 'ND2', 'Aboloje, A. C.', 1),
(3414, 'Wednesday', '8:00 AM - 10:00 AM', 'AF-6', 'USE OF ENGLISH II', 'MECHANICAL ENGINEERING', 'ND2', 'Edun, O. M. Mrs.', 1),
(3415, 'Wednesday', '8:00 AM - 10:00 AM', 'AG-4', 'MICRO COMPUTER FUNDAMENTALS', 'Computer Engineering', 'PND2', 'Eze, B. E. Engr. (Mrs.)', 1),
(3416, 'Wednesday', '8:00 AM - 10:00 AM', 'BB-3', 'DIGITAL COMPUTER FUNDAMENTALS II', 'Computer Engineering', 'PND2', 'Alausa, W. S. Engr.', 1),
(3417, 'Wednesday', '8:00 AM - 10:00 AM', 'BF-3', 'FOUNDRY TECH. & FORGING OPERATIONS', 'MECHANICAL ENGINEERING', 'PND2', 'Joseph, O. O. Engr.', 1),
(3418, 'Wednesday', '8:00 AM - 10:00 AM', 'AF-3', 'CALCULUS', 'MECHANICAL ENGINEERING', 'ND2', 'Sikiru, O. A.', 1),
(3419, 'Wednesday', '8:00 AM - 10:00 AM', 'BE-3', 'CITIZENSHIP EDUCATION', 'ELECTRICAL ENGINEERING', 'ND1', 'Ibikunle, C. D. Miss', 1),
(3420, 'Wednesday', '8:00 AM - 10:00 AM', 'BB-2', 'USE OF ENGLISH I ', 'MECHANICAL ENGINEERING', 'PND1', 'Dawodu, H. O.', 1),
(3421, 'Wednesday', '8:00 AM - 10:00 AM', 'BE-5', 'INTRODUCTION TO RENEWABLE ENERGY', 'ELECTRICAL ENGINEERING', 'PND2', 'Oderinde, M. O.', 1),
(3422, 'Wednesday', '8:00 AM - 10:00 AM', 'AE-2', 'BASIC WORKSHOP TECHNOLOGY & PRACTICE  I', 'Computer Engineering', 'PND1', 'Raji, O. K. Engr. (Mrs.)', 1),
(3423, 'Wednesday', '2:00 PM - 4:00 PM', 'BA-4', 'CITIZENSHIP EDUCATION', 'ELECTRICAL ENGINEERING', 'PND1', 'Sonde, E. O.', 1),
(3424, 'Wednesday', '2:00 PM - 4:00 PM', 'BD-4', 'ENGINEERING MEASUREMENT', 'MECHANICAL ENGINEERING', 'ND2', 'Aboloje, A. C.', 1),
(3425, 'Wednesday', '2:00 PM - 4:00 PM', 'BF-2', 'WORKSHOP TECHNOLOGY II', 'CIVIL ENGINEERING', 'ND2', 'Yinusa, A. A.', 1),
(3426, 'Wednesday', '2:00 PM - 4:00 PM', 'BD-5', 'TECHNICAL REPORT WRITING', 'ELECTRICAL ENGINEERING', 'ND2', 'Olowofela, S. S. Engr.', 1),
(3427, 'Wednesday', '2:00 PM - 4:00 PM', 'BA-5', 'THERMODYNAMICS II', 'MECHANICAL ENGINEERING', 'ND2', 'Sanni, E. O.', 1),
(3428, 'Wednesday', '2:00 PM - 4:00 PM', 'AG-5', 'COMPUTER ARCHITECTURE I', 'Computer Engineering', 'PND2', 'Akingbade, L. O. Mrs.', 1),
(3429, 'Wednesday', '2:00 PM - 4:00 PM', 'BB-6', 'ELECTRICAL MEASUREMENT & INSTRUMENTATION II', 'Computer Engineering', 'ND2', 'Olaiya, O. O. Engr.', 1),
(3430, 'Wednesday', '2:00 PM - 4:00 PM', 'BE-6', 'ENGINEERING MECHANICS(STATICS)', 'MECHANICAL ENGINEERING', 'PND1', 'Raji, O. K. Engr. (Mrs.)', 1),
(3431, 'Wednesday', '2:00 PM - 4:00 PM', 'BC-5', 'HYDROGEOLOGY', 'CIVIL ENGINEERING', 'PND2', 'Omopariola, S. S. Engr.', 1),
(3432, 'Wednesday', '2:00 PM - 4:00 PM', 'AE-6', 'DESIGN IN STRUCTURAL STEEL & TIMBER', 'CIVIL ENGINEERING', 'HND2', 'Olarewaju, A. J. Dr.', 1),
(3433, 'Wednesday', '2:00 PM - 4:00 PM', 'AG-3', 'COMPUTER GRAPHICS & ANIMATION', 'Computer Engineering', 'HND2', 'Ogunyinka, O. I.', 1),
(3434, 'Wednesday', '2:00 PM - 4:00 PM', 'AG-1', 'LOGIC & LINEAR ALGEBRA I', 'Computer Engineering', 'ND1', 'Durojaiye, O. P. Dr.', 1),
(3435, 'Wednesday', '2:00 PM - 4:00 PM', 'AG-2', 'COMMUNICATION IN ENGLISH IV', 'Computer Engineering', 'HND2', 'Edun, O. M. Mrs.', 1),
(3436, 'Wednesday', '2:00 PM - 4:00 PM', 'BD-6', 'STRUCTURAL MECHANICS', 'CIVIL ENGINEERING', 'ND1', 'Aikulola, O. A. Engr.', 1),
(3437, 'Wednesday', '2:00 PM - 4:00 PM', 'BA-1', 'ELECTRIC CIRCUIT THEORY II', 'Computer Engineering', 'HND1', 'Okeke, H. S.', 1),
(3438, 'Wednesday', '2:00 PM - 4:00 PM', 'BF-5', 'WORKSHOP TECHNOLOGY II', 'CIVIL ENGINEERING', 'PND2', 'Yinusa, A. A.', 1),
(3439, 'Wednesday', '2:00 PM - 4:00 PM', 'AF-1', 'THERMODYNAMICS II', 'MECHANICAL ENGINEERING', 'ND2', 'Sanni, E. O.', 1),
(3440, 'Wednesday', '2:00 PM - 4:00 PM', 'BC-2', 'CALCULUS', 'CIVIL ENGINEERING', 'PND2', 'Sikiru, O. A.', 1),
(3441, 'Wednesday', '2:00 PM - 4:00 PM', 'BA-6', 'USE OF ENGLISH', 'WELDERING & FABRICATION ENGINEERING', 'ND2', 'Olatunji, O. M. Mrs.', 1),
(3442, 'Wednesday', '2:00 PM - 4:00 PM', 'BC-1', 'ADVANCED ALGEBRA', 'Computer Engineering', 'HND1', 'Fatunmbi, E. O. Dr.', 1),
(3443, 'Wednesday', '2:00 PM - 4:00 PM', 'AE-1', 'NUMERICAL METHOD', 'AGRIC AND BIO-ENVIRONMENTAL ENGINEERING', 'HND2', 'Akanbi, O. O.', 1),
(3444, 'Wednesday', '2:00 PM - 4:00 PM', 'AF-5', 'INTRODUCTION TO COMPUTING', 'CIVIL ENGINEERING', 'PND1', 'Ayodele, A. E.', 1),
(3445, 'Wednesday', '2:00 PM - 4:00 PM', 'AE-5', 'PROJECT & METHODOLOGY', 'CIVIL ENGINEERING', 'HND2', 'Soyemi, O. B. Engr. (Dr.)', 1),
(3446, 'Wednesday', '2:00 PM - 4:00 PM', 'BA-2', 'ELECTRICAL GRAPHICS', 'ELECTRICAL ENGINEERING', 'ND1', 'Olowofela, S. S. Engr.', 1),
(3447, 'Wednesday', '2:00 PM - 4:00 PM', 'BD-3', 'CITIZENSHIP EDUCATION I', 'Computer Engineering', 'ND1', 'Ajayi, A. M. Miss', 1),
(3448, 'Wednesday', '2:00 PM - 4:00 PM', 'AF-2', 'CIVIL ENGINEERING CONSTRUCTION I', 'CIVIL ENGINEERING', 'PND1', 'Ayegbusi, O. A. Mrs.', 1),
(3449, 'Wednesday', '2:00 PM - 4:00 PM', 'AE-3', 'INTRODUCTION TO COMPUTING', 'MECHANICAL ENGINEERING', 'ND1', 'Buoye, A. P.', 1),
(3450, 'Wednesday', '2:00 PM - 4:00 PM', 'BE-1', 'INTRODUCTION TO ENTREPRENEURSHIP', 'CIVIL ENGINEERING', 'PND1', 'Sekoni, R. T.', 1),
(3451, 'Wednesday', '2:00 PM - 4:00 PM', 'BF-6', 'THEORY OF STRUCTURES II', 'CIVIL ENGINEERING', 'HND1', 'Adegbesan, O. O.', 1),
(3452, 'Wednesday', '2:00 PM - 4:00 PM', 'BF-4', 'USE OF ENGLISH I', 'Computer Engineering', 'PND1', 'Jaiyeoba, O. O. Mrs.', 1);

--
-- Indexes for dumped tables
--

--
-- Indexes for table `admin`
--
ALTER TABLE `admin`
  ADD PRIMARY KEY (`id`);

--
-- Indexes for table `Classrooms`
--
ALTER TABLE `Classrooms`
  ADD PRIMARY KEY (`classroom_id`);

--
-- Indexes for table `Courses`
--
ALTER TABLE `Courses`
  ADD PRIMARY KEY (`course_id`),
  ADD KEY `level_id` (`level_id`),
  ADD KEY `semester_id` (`semester_id`);

--
-- Indexes for table `Departments`
--
ALTER TABLE `Departments`
  ADD PRIMARY KEY (`department_id`);

--
-- Indexes for table `Lecturers`
--
ALTER TABLE `Lecturers`
  ADD PRIMARY KEY (`lecturer_id`);

--
-- Indexes for table `Levels`
--
ALTER TABLE `Levels`
  ADD PRIMARY KEY (`level_id`),
  ADD KEY `program_id` (`program_id`);

--
-- Indexes for table `Programs`
--
ALTER TABLE `Programs`
  ADD PRIMARY KEY (`program_id`);

--
-- Indexes for table `Semesters`
--
ALTER TABLE `Semesters`
  ADD PRIMARY KEY (`semester_id`);

--
-- Indexes for table `Timetable`
--
ALTER TABLE `Timetable`
  ADD PRIMARY KEY (`id`);

--
-- AUTO_INCREMENT for dumped tables
--

--
-- AUTO_INCREMENT for table `admin`
--
ALTER TABLE `admin`
  MODIFY `id` int(11) NOT NULL AUTO_INCREMENT, AUTO_INCREMENT=2;

--
-- AUTO_INCREMENT for table `Classrooms`
--
ALTER TABLE `Classrooms`
  MODIFY `classroom_id` int(11) NOT NULL AUTO_INCREMENT, AUTO_INCREMENT=54;

--
-- AUTO_INCREMENT for table `Courses`
--
ALTER TABLE `Courses`
  MODIFY `course_id` int(11) NOT NULL AUTO_INCREMENT, AUTO_INCREMENT=769;

--
-- AUTO_INCREMENT for table `Departments`
--
ALTER TABLE `Departments`
  MODIFY `department_id` int(11) NOT NULL AUTO_INCREMENT, AUTO_INCREMENT=33;

--
-- AUTO_INCREMENT for table `Lecturers`
--
ALTER TABLE `Lecturers`
  MODIFY `lecturer_id` int(11) NOT NULL AUTO_INCREMENT, AUTO_INCREMENT=145;

--
-- AUTO_INCREMENT for table `Levels`
--
ALTER TABLE `Levels`
  MODIFY `level_id` int(11) NOT NULL AUTO_INCREMENT, AUTO_INCREMENT=7;

--
-- AUTO_INCREMENT for table `Programs`
--
ALTER TABLE `Programs`
  MODIFY `program_id` int(11) NOT NULL AUTO_INCREMENT, AUTO_INCREMENT=10;

--
-- AUTO_INCREMENT for table `Semesters`
--
ALTER TABLE `Semesters`
  MODIFY `semester_id` int(11) NOT NULL AUTO_INCREMENT, AUTO_INCREMENT=3;

--
-- AUTO_INCREMENT for table `Timetable`
--
ALTER TABLE `Timetable`
  MODIFY `id` int(11) NOT NULL AUTO_INCREMENT, AUTO_INCREMENT=3453;

--
-- Constraints for dumped tables
--

--
-- Constraints for table `Courses`
--
ALTER TABLE `Courses`
  ADD CONSTRAINT `Courses_ibfk_1` FOREIGN KEY (`level_id`) REFERENCES `Levels` (`level_id`),
  ADD CONSTRAINT `Courses_ibfk_2` FOREIGN KEY (`semester_id`) REFERENCES `Semesters` (`semester_id`);

--
-- Constraints for table `Levels`
--
ALTER TABLE `Levels`
  ADD CONSTRAINT `Levels_ibfk_1` FOREIGN KEY (`program_id`) REFERENCES `Programs` (`program_id`);
COMMIT;

/*!40101 SET CHARACTER_SET_CLIENT=@OLD_CHARACTER_SET_CLIENT */;
/*!40101 SET CHARACTER_SET_RESULTS=@OLD_CHARACTER_SET_RESULTS */;
/*!40101 SET COLLATION_CONNECTION=@OLD_COLLATION_CONNECTION */;
